HITId,HITTypeId,Title,Description,Keywords,Reward,CreationTime,MaxAssignments,RequesterAnnotation,AssignmentDurationInSeconds,AutoApprovalDelayInSeconds,Expiration,NumberOfSimilarHITs,LifetimeInSeconds,AssignmentId,WorkerId,AssignmentStatus,AcceptTime,SubmitTime,AutoApprovalTime,ApprovalTime,RejectionTime,RequesterFeedback,WorkTimeInSeconds,LifetimeApprovalRate,Last30DaysApprovalRate,Last7DaysApprovalRate,Answer.age,Answer.criteria,Answer.education.CollegeGrad,Answer.education.GradSchool,Answer.education.HS,Answer.education.Other school,Answer.education.SomeCollege,Answer.education.SomeGrad,Answer.feedbackForStudy,Answer.gender.female,Answer.gender.male,Answer.limb impairment,Answer.other vision condition,Answer.prevExp.1,Answer.prevExp.2,Answer.prevExp.3,Answer.prevExp.4,Answer.studyLength.1,Answer.studyLength.2,Answer.vision.far-sighted,Answer.vision.near-sighted,Answer.vision.normal,Answer.vision.other vision,Answer.visual impairment,Approve,Reject
,,,,,,,,,,,,,,,,,,,,,,,,,,,,,50,24,5,0,5,1,0,22,63,0,0,22,35,26,2,13,72,2,1,81,1,,,
3QQUBC640HNYD018A4NIUH4NVI2NXX,3XDA6L0PG3YJNN7A51OZW3OQ8ABWCX,Putting photos in order,Choose which of the two photos is more complex,"image, complexity, ranking",$0.50,Tue Dec 24 21:45:10 PST 2019,30,BatchId:3877587;OriginalHitTemplateId:928390828;,1800,2592000,Thu Jan 23 21:45:10 PST 2020,,,3WAKVUDHU0QJFVCKFU082XEIW6QU7T,A14NP6X071S7GK,Approved,Wed Dec 25 01:51:21 PST 2019,Wed Dec 25 01:55:40 PST 2019,Fri Jan 24 01:55:40 PST 2020,Fri Dec 27 20:38:16 PST 2019,,,259,100% (2/2),100% (1/1),100% (1/1),32,The main thing I considered was the amount and types of objects in the photo such as individual blades of grass versus a drop of paint. I feel like the amount of detail when you focus in should be a primary consideration. The second thing I considered was color.,TRUE,FALSE,FALSE,FALSE,FALSE,FALSE,no,FALSE,TRUE,none,,FALSE,TRUE,FALSE,FALSE,FALSE,TRUE,FALSE,FALSE,TRUE,FALSE,none,,
3QQUBC640HNYD018A4NIUH4NVI2NXX,3XDA6L0PG3YJNN7A51OZW3OQ8ABWCX,Putting photos in order,Choose which of the two photos is more complex,"image, complexity, ranking",$0.50,Tue Dec 24 21:45:10 PST 2019,30,BatchId:3877587;OriginalHitTemplateId:928390828;,1800,2592000,Thu Jan 23 21:45:10 PST 2020,,,3D3VGR7TA4P9YKJG9O2DK5FIK6P3RK,A16FY9L7QTDNRW,Approved,Wed Dec 25 18:29:59 PST 2019,Wed Dec 25 18:35:01 PST 2019,Fri Jan 24 18:35:01 PST 2020,Fri Dec 27 20:38:13 PST 2019,,,302,100% (2/2),100% (1/1),100% (1/1),54,The pattern and resolution of the pictures.,TRUE,FALSE,FALSE,FALSE,FALSE,FALSE,No Thanks,FALSE,TRUE,none,,FALSE,FALSE,TRUE,FALSE,FALSE,TRUE,FALSE,FALSE,TRUE,FALSE,none,,
3QQUBC640HNYD018A4NIUH4NVI2NXX,3XDA6L0PG3YJNN7A51OZW3OQ8ABWCX,Putting photos in order,Choose which of the two photos is more complex,"image, complexity, ranking",$0.50,Tue Dec 24 21:45:10 PST 2019,30,BatchId:3877587;OriginalHitTemplateId:928390828;,1800,2592000,Thu Jan 23 21:45:10 PST 2020,,,34FNN24DCQJL90I612I07Y6Z1O85YP,A1IHI23KH87K5W,Approved,Wed Dec 25 02:27:08 PST 2019,Wed Dec 25 02:33:38 PST 2019,Fri Jan 24 02:33:38 PST 2020,Fri Dec 27 20:38:13 PST 2019,,,390,100% (2/2),100% (1/1),100% (1/1),51,"Nature is typically more complex than man made stuff, and the more variety of natural stuff, the more complex it is.",TRUE,FALSE,FALSE,FALSE,FALSE,FALSE,"It was fine, no problems, thanks.",FALSE,TRUE,none,,FALSE,TRUE,FALSE,FALSE,FALSE,TRUE,FALSE,FALSE,TRUE,FALSE,none,,
3QQUBC640HNYD018A4NIUH4NVI2NXX,3XDA6L0PG3YJNN7A51OZW3OQ8ABWCX,Putting photos in order,Choose which of the two photos is more complex,"image, complexity, ranking",$0.50,Tue Dec 24 21:45:10 PST 2019,30,BatchId:3877587;OriginalHitTemplateId:928390828;,1800,2592000,Thu Jan 23 21:45:10 PST 2020,,,3QRYMNZ7F2RTI3PIVWRNTYE6D76NTO,A1MIR0TP081SKT,Approved,Wed Dec 25 08:14:54 PST 2019,Wed Dec 25 08:21:14 PST 2019,Fri Jan 24 08:21:14 PST 2020,Fri Dec 27 20:38:15 PST 2019,,,380,100% (2/2),100% (1/1),100% (1/1),30,The structures and edges of the content in the image helped me to decide the complexity.,FALSE,TRUE,FALSE,FALSE,FALSE,FALSE,,TRUE,FALSE,none,,FALSE,TRUE,FALSE,FALSE,FALSE,TRUE,FALSE,FALSE,TRUE,FALSE,none,,
3QQUBC640HNYD018A4NIUH4NVI2NXX,3XDA6L0PG3YJNN7A51OZW3OQ8ABWCX,Putting photos in order,Choose which of the two photos is more complex,"image, complexity, ranking",$0.50,Tue Dec 24 21:45:10 PST 2019,30,BatchId:3877587;OriginalHitTemplateId:928390828;,1800,2592000,Thu Jan 23 21:45:10 PST 2020,,,3WSELTNVR7CMYKVTMSMI7SU6EZ0ATI,A1NF6PELRKACS9,Approved,Tue Dec 24 21:48:50 PST 2019,Tue Dec 24 21:53:24 PST 2019,Thu Jan 23 21:53:24 PST 2020,Fri Dec 27 20:38:16 PST 2019,,,274,100% (2/2),100% (1/1),100% (1/1),54,"colors, shape, difficulty in reproducing image, structure, repetition, abstraction, whether the composition is common or rare.",TRUE,FALSE,FALSE,FALSE,FALSE,FALSE,,FALSE,TRUE,none,,FALSE,TRUE,FALSE,FALSE,FALSE,TRUE,FALSE,FALSE,TRUE,FALSE,none,,
3QQUBC640HNYD018A4NIUH4NVI2NXX,3XDA6L0PG3YJNN7A51OZW3OQ8ABWCX,Putting photos in order,Choose which of the two photos is more complex,"image, complexity, ranking",$0.50,Tue Dec 24 21:45:10 PST 2019,30,BatchId:3877587;OriginalHitTemplateId:928390828;,1800,2592000,Thu Jan 23 21:45:10 PST 2020,,,3LWJHTCVCGW42VK9G4EFGOUAR8GQFZ,A1RWNYJA5X25YH,Approved,Tue Dec 24 22:17:42 PST 2019,Tue Dec 24 22:25:22 PST 2019,Thu Jan 23 22:25:22 PST 2020,Fri Dec 27 20:38:14 PST 2019,,,460,100% (2/2),100% (1/1),100% (1/1),69,The smaller the design of the mass or the more complicated the design makes it complex.,FALSE,FALSE,TRUE,FALSE,FALSE,FALSE,It was interesting to do,TRUE,FALSE,none,,TRUE,FALSE,FALSE,FALSE,FALSE,TRUE,FALSE,FALSE,TRUE,FALSE,none,,
3QQUBC640HNYD018A4NIUH4NVI2NXX,3XDA6L0PG3YJNN7A51OZW3OQ8ABWCX,Putting photos in order,Choose which of the two photos is more complex,"image, complexity, ranking",$0.50,Tue Dec 24 21:45:10 PST 2019,30,BatchId:3877587;OriginalHitTemplateId:928390828;,1800,2592000,Thu Jan 23 21:45:10 PST 2020,,,3T111IHZ5I0VDM8WQX3NBII4KXG9RM,A218S9QMWS15U,Approved,Wed Dec 25 04:31:23 PST 2019,Wed Dec 25 04:37:11 PST 2019,Fri Jan 24 04:37:11 PST 2020,Fri Dec 27 20:38:15 PST 2019,,,348,100% (1/1),100% (1/1),100% (1/1),60,I considered a picture to be more complex than the other one if it was thought-provoking. The blank picture was more complex to me because it made me imagine what could be there....,FALSE,FALSE,FALSE,FALSE,TRUE,FALSE,no,TRUE,FALSE,none,,FALSE,TRUE,FALSE,FALSE,FALSE,TRUE,FALSE,FALSE,TRUE,FALSE,none,,
3QQUBC640HNYD018A4NIUH4NVI2NXX,3XDA6L0PG3YJNN7A51OZW3OQ8ABWCX,Putting photos in order,Choose which of the two photos is more complex,"image, complexity, ranking",$0.50,Tue Dec 24 21:45:10 PST 2019,30,BatchId:3877587;OriginalHitTemplateId:928390828;,1800,2592000,Thu Jan 23 21:45:10 PST 2020,,,3R6BYFZZPBMOBSLL2I97AWQ3OCZFXJ,A22KRF782ELLB0,Approved,Wed Dec 25 05:56:57 PST 2019,Wed Dec 25 06:03:25 PST 2019,Fri Jan 24 06:03:25 PST 2020,Fri Dec 27 20:38:15 PST 2019,,,388,100% (2/2),100% (1/1),100% (1/1),38,"I tended to view images that had less uniformity as being complex, or if there was more color variation. If it looked less uniform or had less of a rigid structure, then I tended to view that as being more complex than those images that seemed more structured.",TRUE,FALSE,FALSE,FALSE,FALSE,FALSE,I don't really have anything else to add.,FALSE,TRUE,none,,FALSE,TRUE,FALSE,FALSE,FALSE,TRUE,FALSE,FALSE,TRUE,FALSE,none,,
3QQUBC640HNYD018A4NIUH4NVI2NXX,3XDA6L0PG3YJNN7A51OZW3OQ8ABWCX,Putting photos in order,Choose which of the two photos is more complex,"image, complexity, ranking",$0.50,Tue Dec 24 21:45:10 PST 2019,30,BatchId:3877587;OriginalHitTemplateId:928390828;,1800,2592000,Thu Jan 23 21:45:10 PST 2020,,,3YHH42UU5FP2EUP6LHNYWV8CB0GL0D,A2341KCW7BI2NS,Approved,Wed Dec 25 00:11:58 PST 2019,Wed Dec 25 00:18:56 PST 2019,Fri Jan 24 00:18:56 PST 2020,Fri Dec 27 20:38:16 PST 2019,,,418,100% (1/1),100% (1/1),100% (1/1),39,"complexity of pictures depends on how complex they look visually,in my view i think more messy or more objects containning pictures are more complex.",FALSE,TRUE,FALSE,FALSE,FALSE,FALSE,,TRUE,FALSE,none,,TRUE,FALSE,FALSE,FALSE,FALSE,TRUE,FALSE,FALSE,TRUE,FALSE,none,,
3QQUBC640HNYD018A4NIUH4NVI2NXX,3XDA6L0PG3YJNN7A51OZW3OQ8ABWCX,Putting photos in order,Choose which of the two photos is more complex,"image, complexity, ranking",$0.50,Tue Dec 24 21:45:10 PST 2019,30,BatchId:3877587;OriginalHitTemplateId:928390828;,1800,2592000,Thu Jan 23 21:45:10 PST 2020,,,3RU7GD8VPS3S6OOGMBZPNINFB2OPSQ,A26RPQDD0RQEHL,Approved,Tue Dec 24 22:15:37 PST 2019,Tue Dec 24 22:22:02 PST 2019,Thu Jan 23 22:22:02 PST 2020,Fri Dec 27 20:38:15 PST 2019,,,385,100% (2/2),100% (1/1),100% (1/1),44,Visually Complex,FALSE,TRUE,FALSE,FALSE,FALSE,FALSE,It is a good study.,FALSE,TRUE,None,,FALSE,TRUE,FALSE,FALSE,FALSE,TRUE,FALSE,FALSE,TRUE,FALSE,None,,
3QQUBC640HNYD018A4NIUH4NVI2NXX,3XDA6L0PG3YJNN7A51OZW3OQ8ABWCX,Putting photos in order,Choose which of the two photos is more complex,"image, complexity, ranking",$0.50,Tue Dec 24 21:45:10 PST 2019,30,BatchId:3877587;OriginalHitTemplateId:928390828;,1800,2592000,Thu Jan 23 21:45:10 PST 2020,,,3TXMY6UCAIYXZJ0ZP2OE8I97UWOQCQ,A2APPZDU0VS9LN,Approved,Wed Dec 25 07:23:08 PST 2019,Wed Dec 25 07:45:21 PST 2019,Fri Jan 24 07:45:21 PST 2020,Fri Dec 27 20:38:16 PST 2019,,,1333,100% (1/1),100% (1/1),100% (1/1),39,Texture and design,TRUE,FALSE,FALSE,FALSE,FALSE,FALSE,,TRUE,FALSE,none,,FALSE,FALSE,TRUE,FALSE,FALSE,TRUE,FALSE,FALSE,TRUE,FALSE,none,,
3QQUBC640HNYD018A4NIUH4NVI2NXX,3XDA6L0PG3YJNN7A51OZW3OQ8ABWCX,Putting photos in order,Choose which of the two photos is more complex,"image, complexity, ranking",$0.50,Tue Dec 24 21:45:10 PST 2019,30,BatchId:3877587;OriginalHitTemplateId:928390828;,1800,2592000,Thu Jan 23 21:45:10 PST 2020,,,3SNVL38CI82BOG24CX4HCWXYVRGKCE,A2F0X4LN9N4O4C,Approved,Wed Dec 25 12:27:28 PST 2019,Wed Dec 25 12:32:22 PST 2019,Fri Jan 24 12:32:22 PST 2020,Fri Dec 27 20:38:15 PST 2019,,,294,100% (2/2),100% (1/1),100% (1/1),55,"I usually selected the picture that was the most colorful to me.  If a picture had many different colors in it, I chose it.  For the picture of all of the clothes in a pile, I mostly always choose that one because to me it was box complex (many clothes in a big pile) and colorful.",FALSE,TRUE,FALSE,FALSE,FALSE,FALSE,,TRUE,FALSE,none,,TRUE,FALSE,FALSE,FALSE,FALSE,TRUE,FALSE,FALSE,TRUE,FALSE,none,,
3QQUBC640HNYD018A4NIUH4NVI2NXX,3XDA6L0PG3YJNN7A51OZW3OQ8ABWCX,Putting photos in order,Choose which of the two photos is more complex,"image, complexity, ranking",$0.50,Tue Dec 24 21:45:10 PST 2019,30,BatchId:3877587;OriginalHitTemplateId:928390828;,1800,2592000,Thu Jan 23 21:45:10 PST 2020,,,3Y5140Z9D1Q3CALKHZ5BJGHS273IPE,A2HNP1YL1IBFMU,Approved,Wed Dec 25 23:04:37 PST 2019,Wed Dec 25 23:11:44 PST 2019,Fri Jan 24 23:11:44 PST 2020,Fri Dec 27 20:38:16 PST 2019,,,427,100% (1/1),100% (1/1),100% (1/1),34,"The pictures with more detailing or with more complex subjects were chosen by me as the more complex picture. For instance, the blotches of color in abstract art are very complex to imagine and paint.",FALSE,TRUE,FALSE,FALSE,FALSE,FALSE,,FALSE,TRUE,none,,TRUE,FALSE,FALSE,FALSE,FALSE,TRUE,FALSE,FALSE,TRUE,FALSE,none,,
3QQUBC640HNYD018A4NIUH4NVI2NXX,3XDA6L0PG3YJNN7A51OZW3OQ8ABWCX,Putting photos in order,Choose which of the two photos is more complex,"image, complexity, ranking",$0.50,Tue Dec 24 21:45:10 PST 2019,30,BatchId:3877587;OriginalHitTemplateId:928390828;,1800,2592000,Thu Jan 23 21:45:10 PST 2020,,,34S9DKFK77ZPZPOC52EM1F6LSAGNY7,A2J6MMNWUJQUXS,Approved,Wed Dec 25 15:23:34 PST 2019,Wed Dec 25 15:30:00 PST 2019,Fri Jan 24 15:30:00 PST 2020,Fri Dec 27 20:38:13 PST 2019,,,386,100% (1/1),100% (1/1),100% (1/1),46,"I guess I chose the photograph that might have a more complex meaning as well as design. In some ways, it depended on how each picture made me feel. Some that were simple had a deeper complexity than some that weren't.",TRUE,FALSE,FALSE,FALSE,FALSE,FALSE,It was a simple task that was fun to complete. I enjoy looking at pictures.,TRUE,FALSE,None,,FALSE,TRUE,FALSE,FALSE,FALSE,TRUE,FALSE,FALSE,TRUE,FALSE,None,,
3QQUBC640HNYD018A4NIUH4NVI2NXX,3XDA6L0PG3YJNN7A51OZW3OQ8ABWCX,Putting photos in order,Choose which of the two photos is more complex,"image, complexity, ranking",$0.50,Tue Dec 24 21:45:10 PST 2019,30,BatchId:3877587;OriginalHitTemplateId:928390828;,1800,2592000,Thu Jan 23 21:45:10 PST 2020,,,3IUZPWIU1SHK2E89TO4IOQ41N67WK6,A2LV5432PV1S39,Approved,Wed Dec 25 04:59:57 PST 2019,Wed Dec 25 05:16:21 PST 2019,Fri Jan 24 05:16:21 PST 2020,Fri Dec 27 20:38:14 PST 2019,,,984,100% (3/3),100% (2/2),100% (1/1),33,Mostly I tried to look at how many objects were in each picture and how much activity was going on with each picture. Generally if there's multiple things going on and/or several objects in a picture that would make it more complex. Even if there's not too much going on but several things in one picture that would be more complex to me.,TRUE,FALSE,FALSE,FALSE,FALSE,FALSE,I think this study was fun.,FALSE,TRUE,none,,FALSE,TRUE,FALSE,FALSE,FALSE,TRUE,FALSE,FALSE,TRUE,FALSE,none,,
3QQUBC640HNYD018A4NIUH4NVI2NXX,3XDA6L0PG3YJNN7A51OZW3OQ8ABWCX,Putting photos in order,Choose which of the two photos is more complex,"image, complexity, ranking",$0.50,Tue Dec 24 21:45:10 PST 2019,30,BatchId:3877587;OriginalHitTemplateId:928390828;,1800,2592000,Thu Jan 23 21:45:10 PST 2020,,,3A9AA95AT0WR0MQ5AFMHU7DNXLU5PO,A2M6ON3DU45IEO,Approved,Wed Dec 25 20:44:36 PST 2019,Wed Dec 25 20:49:46 PST 2019,Fri Jan 24 20:49:46 PST 2020,Fri Dec 27 20:38:13 PST 2019,,,310,100% (1/1),100% (1/1),100% (1/1),49,The clear the picture more easy to understand. I find dark picture to be more complex.,TRUE,FALSE,FALSE,FALSE,FALSE,FALSE,Good survey with proper length and interesting content.,TRUE,FALSE,none,,TRUE,FALSE,FALSE,FALSE,FALSE,TRUE,FALSE,FALSE,TRUE,FALSE,none,,
3QQUBC640HNYD018A4NIUH4NVI2NXX,3XDA6L0PG3YJNN7A51OZW3OQ8ABWCX,Putting photos in order,Choose which of the two photos is more complex,"image, complexity, ranking",$0.50,Tue Dec 24 21:45:10 PST 2019,30,BatchId:3877587;OriginalHitTemplateId:928390828;,1800,2592000,Thu Jan 23 21:45:10 PST 2020,,,3S3AMIZX3YF3AAWUKGIU8J28BHUCD2,A2R0YYUAWNT7UD,Approved,Wed Dec 25 05:34:04 PST 2019,Wed Dec 25 05:58:59 PST 2019,Fri Jan 24 05:58:59 PST 2020,Fri Dec 27 20:38:15 PST 2019,,,1495,100% (1/1),100% (1/1),100% (1/1),28,"How many different things were in the picture, how difficult it would be to describe it to someone.",TRUE,FALSE,FALSE,FALSE,FALSE,FALSE,I think it was an easy task.,FALSE,TRUE,none,,TRUE,FALSE,FALSE,FALSE,FALSE,TRUE,FALSE,FALSE,TRUE,FALSE,none,,
3QQUBC640HNYD018A4NIUH4NVI2NXX,3XDA6L0PG3YJNN7A51OZW3OQ8ABWCX,Putting photos in order,Choose which of the two photos is more complex,"image, complexity, ranking",$0.50,Tue Dec 24 21:45:10 PST 2019,30,BatchId:3877587;OriginalHitTemplateId:928390828;,1800,2592000,Thu Jan 23 21:45:10 PST 2020,,,351SEKWQS4RGJW8LX5C8BF7K5VZDMM,A2SKH7WZUEDGGI,Approved,Wed Dec 25 05:57:50 PST 2019,Wed Dec 25 06:14:24 PST 2019,Fri Jan 24 06:14:24 PST 2020,Fri Dec 27 20:38:13 PST 2019,,,994,100% (2/2),100% (2/2),100% (1/1),39,picture quality,FALSE,FALSE,FALSE,FALSE,TRUE,FALSE,,FALSE,TRUE,none,,FALSE,FALSE,TRUE,FALSE,TRUE,FALSE,FALSE,FALSE,TRUE,FALSE,none,,
3QQUBC640HNYD018A4NIUH4NVI2NXX,3XDA6L0PG3YJNN7A51OZW3OQ8ABWCX,Putting photos in order,Choose which of the two photos is more complex,"image, complexity, ranking",$0.50,Tue Dec 24 21:45:10 PST 2019,30,BatchId:3877587;OriginalHitTemplateId:928390828;,1800,2592000,Thu Jan 23 21:45:10 PST 2020,,,3DI28L7YXEOOFD0W0E4UX5127V7E18,A2UTHXLZL8TNBK,Approved,Tue Dec 24 21:50:13 PST 2019,Tue Dec 24 21:54:38 PST 2019,Thu Jan 23 21:54:38 PST 2020,Fri Dec 27 20:38:14 PST 2019,,,265,100% (2/2),100% (1/1),100% (1/1),28,i choose images based on the nature and texture they are and the density of things in the image which makes the image more complex,FALSE,TRUE,FALSE,FALSE,FALSE,FALSE,no,FALSE,TRUE,none,,FALSE,TRUE,FALSE,FALSE,FALSE,TRUE,FALSE,FALSE,TRUE,FALSE,none,,
3QQUBC640HNYD018A4NIUH4NVI2NXX,3XDA6L0PG3YJNN7A51OZW3OQ8ABWCX,Putting photos in order,Choose which of the two photos is more complex,"image, complexity, ranking",$0.50,Tue Dec 24 21:45:10 PST 2019,30,BatchId:3877587;OriginalHitTemplateId:928390828;,1800,2592000,Thu Jan 23 21:45:10 PST 2020,,,3Z4XG4ZF4C1FWDBYU431049H17P8XW,A2WNW8A4MOR7T7,Approved,Tue Dec 24 22:05:54 PST 2019,Tue Dec 24 22:13:37 PST 2019,Thu Jan 23 22:13:37 PST 2020,Fri Dec 27 20:38:17 PST 2019,,,463,100% (2/2),100% (1/1),100% (1/1),55,"How much detail are in the photo, number of objects and how intertwined they are different colors in some aspect.",FALSE,FALSE,FALSE,FALSE,TRUE,FALSE,no,FALSE,TRUE,none,,FALSE,TRUE,FALSE,FALSE,FALSE,TRUE,FALSE,FALSE,TRUE,FALSE,none,,
3QQUBC640HNYD018A4NIUH4NVI2NXX,3XDA6L0PG3YJNN7A51OZW3OQ8ABWCX,Putting photos in order,Choose which of the two photos is more complex,"image, complexity, ranking",$0.50,Tue Dec 24 21:45:10 PST 2019,30,BatchId:3877587;OriginalHitTemplateId:928390828;,1800,2592000,Thu Jan 23 21:45:10 PST 2020,,,3PXX5PX6L18M2Y1CM6VX7YOK8SEBA7,A2WTDVHVVORNDU,Approved,Wed Dec 25 00:10:49 PST 2019,Wed Dec 25 00:23:15 PST 2019,Fri Jan 24 00:23:15 PST 2020,Fri Dec 27 20:38:15 PST 2019,,,746,100% (2/2),100% (1/1),100% (1/1),45,Mainly shapes are considered to decide the image. Sometimes it is color and sometimes ease of understanding the image influence the decision.,FALSE,TRUE,FALSE,FALSE,FALSE,FALSE,None,FALSE,TRUE,None,I have normal vision without any glass or contact lenses.,FALSE,TRUE,FALSE,FALSE,FALSE,TRUE,FALSE,FALSE,TRUE,FALSE,None,,
3QQUBC640HNYD018A4NIUH4NVI2NXX,3XDA6L0PG3YJNN7A51OZW3OQ8ABWCX,Putting photos in order,Choose which of the two photos is more complex,"image, complexity, ranking",$0.50,Tue Dec 24 21:45:10 PST 2019,30,BatchId:3877587;OriginalHitTemplateId:928390828;,1800,2592000,Thu Jan 23 21:45:10 PST 2020,,,3ERMJ6L4D2202N7B6S9MBNXOJKU7ML,A37M4OVE9R80G,Approved,Wed Dec 25 05:05:30 PST 2019,Wed Dec 25 05:18:09 PST 2019,Fri Jan 24 05:18:09 PST 2020,Fri Dec 27 20:38:14 PST 2019,,,759,100% (2/2),100% (1/1),100% (1/1),29,cant able to see properly some have more density,TRUE,FALSE,FALSE,FALSE,FALSE,FALSE,its different and intresting,FALSE,TRUE,none,,FALSE,TRUE,FALSE,FALSE,FALSE,TRUE,FALSE,FALSE,TRUE,FALSE,none,,
3QQUBC640HNYD018A4NIUH4NVI2NXX,3XDA6L0PG3YJNN7A51OZW3OQ8ABWCX,Putting photos in order,Choose which of the two photos is more complex,"image, complexity, ranking",$0.50,Tue Dec 24 21:45:10 PST 2019,30,BatchId:3877587;OriginalHitTemplateId:928390828;,1800,2592000,Thu Jan 23 21:45:10 PST 2020,,,3XIQGXAUMGIBWZ6FKZBVM4DMQNLX70,A3QMAS3KVQTPW0,Approved,Tue Dec 24 22:31:39 PST 2019,Tue Dec 24 22:38:33 PST 2019,Thu Jan 23 22:38:33 PST 2020,Fri Dec 27 20:38:16 PST 2019,,,414,100% (1/1),100% (1/1),100% (1/1),39,I have decided based on my judgement of how easily the complex one can be set right (less complex).,FALSE,TRUE,FALSE,FALSE,FALSE,FALSE,i want to the outcome of this task,FALSE,TRUE,none,,FALSE,TRUE,FALSE,FALSE,FALSE,TRUE,FALSE,FALSE,TRUE,FALSE,none,,
3QQUBC640HNYD018A4NIUH4NVI2NXX,3XDA6L0PG3YJNN7A51OZW3OQ8ABWCX,Putting photos in order,Choose which of the two photos is more complex,"image, complexity, ranking",$0.50,Tue Dec 24 21:45:10 PST 2019,30,BatchId:3877587;OriginalHitTemplateId:928390828;,1800,2592000,Thu Jan 23 21:45:10 PST 2020,,,3TPWUS5F8DB2JGWL1BNK07RTIX3CWE,A3QZMGTVA4VO44,Approved,Wed Dec 25 06:32:21 PST 2019,Wed Dec 25 06:40:40 PST 2019,Fri Jan 24 06:40:40 PST 2020,Fri Dec 27 20:38:15 PST 2019,,,499,100% (2/2),100% (1/1),100% (1/1),37,My decision is based on the messiness in the image. The clarity by appearance is the main factor in my decision.,FALSE,TRUE,FALSE,FALSE,FALSE,FALSE,It is an interesting study and it is fantastically designed.,FALSE,TRUE,none,,FALSE,FALSE,TRUE,FALSE,FALSE,TRUE,FALSE,FALSE,TRUE,FALSE,none,,
3QQUBC640HNYD018A4NIUH4NVI2NXX,3XDA6L0PG3YJNN7A51OZW3OQ8ABWCX,Putting photos in order,Choose which of the two photos is more complex,"image, complexity, ranking",$0.50,Tue Dec 24 21:45:10 PST 2019,30,BatchId:3877587;OriginalHitTemplateId:928390828;,1800,2592000,Thu Jan 23 21:45:10 PST 2020,,,3NPFYT4IZGEUPSHGD2FPSHQFPQ4XG3,A70L26UXLTGLC,Approved,Tue Dec 24 22:32:30 PST 2019,Tue Dec 24 22:40:07 PST 2019,Thu Jan 23 22:40:07 PST 2020,Fri Dec 27 20:38:14 PST 2019,,,457,100% (2/2),100% (1/1),100% (1/1),44,I tried to answer by what was more visually complex as well as physically complex in the makeup of the items in the photos. That included variety of colors and number of items.,TRUE,FALSE,FALSE,FALSE,FALSE,FALSE,All was fine.,FALSE,TRUE,none,,TRUE,FALSE,FALSE,FALSE,FALSE,TRUE,FALSE,FALSE,TRUE,FALSE,none,,
3QQUBC640HNYD018A4NIUH4NVI2NXX,3XDA6L0PG3YJNN7A51OZW3OQ8ABWCX,Putting photos in order,Choose which of the two photos is more complex,"image, complexity, ranking",$0.50,Tue Dec 24 21:45:10 PST 2019,30,BatchId:3877587;OriginalHitTemplateId:928390828;,1800,2592000,Thu Jan 23 21:45:10 PST 2020,,,3VE8AYVF8Q7YWRKDUAXFUX9AX2VF8E,A9EVF0SO2IUJ0,Approved,Tue Dec 24 22:27:53 PST 2019,Tue Dec 24 22:43:47 PST 2019,Thu Jan 23 22:43:47 PST 2020,Fri Dec 27 20:38:16 PST 2019,,,954,100% (6/6),100% (2/2),100% (1/1),35,"The multi color paint drop images, ragged clothes, and trash images are more complex than the other images.",TRUE,FALSE,FALSE,FALSE,FALSE,FALSE,"Nice images and interesting task, thank you.",FALSE,TRUE,none,,FALSE,FALSE,TRUE,FALSE,FALSE,TRUE,FALSE,FALSE,TRUE,FALSE,none,,
3QQUBC640HNYD018A4NIUH4NVI2NXX,3XDA6L0PG3YJNN7A51OZW3OQ8ABWCX,Putting photos in order,Choose which of the two photos is more complex,"image, complexity, ranking",$0.50,Tue Dec 24 21:45:10 PST 2019,30,BatchId:3877587;OriginalHitTemplateId:928390828;,1800,2592000,Thu Jan 23 21:45:10 PST 2020,,,3JV9LGBJWXO7VJ3OCBST94ZMDNVGOF,AHEJHFN0VV6E3,Approved,Wed Dec 25 06:19:36 PST 2019,Wed Dec 25 06:27:39 PST 2019,Fri Jan 24 06:27:39 PST 2020,Fri Dec 27 20:38:14 PST 2019,,,483,100% (1/1),100% (1/1),100% (1/1),44,"In my opinion, complex pictures are those which make me thinking and do not let me settle my mind.  Some pictures make our mind calm, some pictures make arise thoughts,",FALSE,TRUE,FALSE,FALSE,FALSE,FALSE,"The object of a design is to make viewers curious positively, thank you",TRUE,FALSE,none,,FALSE,TRUE,FALSE,FALSE,FALSE,TRUE,FALSE,FALSE,TRUE,FALSE,none,,
3QQUBC640HNYD018A4NIUH4NVI2NXX,3XDA6L0PG3YJNN7A51OZW3OQ8ABWCX,Putting photos in order,Choose which of the two photos is more complex,"image, complexity, ranking",$0.50,Tue Dec 24 21:45:10 PST 2019,30,BatchId:3877587;OriginalHitTemplateId:928390828;,1800,2592000,Thu Jan 23 21:45:10 PST 2020,,,3F6KKYWMNFBM1ETL96R8OUWKAKGDNR,AHV4U78TUUDKI,Approved,Tue Dec 24 22:47:40 PST 2019,Tue Dec 24 22:51:53 PST 2019,Thu Jan 23 22:51:53 PST 2020,Fri Dec 27 20:38:14 PST 2019,,,253,100% (1/1),100% (1/1),100% (1/1),50,I would say any shapes or colors that were prevalent that made the photo have more depth or character.,FALSE,TRUE,FALSE,FALSE,FALSE,FALSE,I feel that the task was interesting and fun to do. Make it long with more photos?,FALSE,TRUE,none,,FALSE,FALSE,TRUE,FALSE,FALSE,TRUE,FALSE,FALSE,TRUE,FALSE,none,,
3QQUBC640HNYD018A4NIUH4NVI2NXX,3XDA6L0PG3YJNN7A51OZW3OQ8ABWCX,Putting photos in order,Choose which of the two photos is more complex,"image, complexity, ranking",$0.50,Tue Dec 24 21:45:10 PST 2019,30,BatchId:3877587;OriginalHitTemplateId:928390828;,1800,2592000,Thu Jan 23 21:45:10 PST 2020,,,3MMN5BL1W3EI146O4G6WY6L8EIG3MK,AKX5RHHO8BIUX,Approved,Wed Dec 25 07:41:57 PST 2019,Wed Dec 25 07:47:29 PST 2019,Fri Jan 24 07:47:29 PST 2020,Fri Dec 27 20:38:14 PST 2019,,,332,100% (2/2),100% (1/1),100% (1/1),58,"I was looking at the amount of 'clutter' - different shapes, colors - on each picture. Pictures that were mostly of the same thing (like the brick wall) were less complex than others.",TRUE,FALSE,FALSE,FALSE,FALSE,FALSE,It was interesting and surprisingly difficult to decide on some pictures.,FALSE,TRUE,none,"I have normal vision, corrected with glasses. I am near-sighted without them.",FALSE,TRUE,FALSE,FALSE,FALSE,TRUE,FALSE,FALSE,TRUE,FALSE,none,,
3QQUBC640HNYD018A4NIUH4NVI2NXX,3XDA6L0PG3YJNN7A51OZW3OQ8ABWCX,Putting photos in order,Choose which of the two photos is more complex,"image, complexity, ranking",$0.50,Tue Dec 24 21:45:10 PST 2019,30,BatchId:3877587;OriginalHitTemplateId:928390828;,1800,2592000,Thu Jan 23 21:45:10 PST 2020,,,3Z2R0DQ0JLOV4YISJI482OB7Z2GE2M,AVWU9JDY5G81E,Approved,Wed Dec 25 04:27:36 PST 2019,Wed Dec 25 04:32:15 PST 2019,Fri Jan 24 04:32:15 PST 2020,Fri Dec 27 20:38:16 PST 2019,,,279,100% (2/2),100% (1/1),100% (1/1),48,"is one pic blanc, and the other patterned, more different colors, or a mix of different patterns, textures",FALSE,FALSE,TRUE,FALSE,FALSE,FALSE,no,TRUE,FALSE,none,need glasses to drive,TRUE,FALSE,FALSE,FALSE,FALSE,TRUE,TRUE,FALSE,FALSE,FALSE,none,,
3SR6AEG6X82V3957C2E78BE0BE1HY6,39QC5AB1WPAYVTZ6HNWHC22F19I4HT,Putting photos in order,Choose which of the two photos is more complex,"image, complexity, ranking",$0.50,Fri Dec 27 21:07:23 PST 2019,55,BatchId:3878914;OriginalHitTemplateId:928390828;,1800,2592000,Sun Jan 26 21:07:23 PST 2020,,,308XBLVESMEE1FNTOHHJ2ODU8CHBRQ,A1CSH3P1MSSFWL,Approved,Fri Dec 27 21:07:50 PST 2019,Fri Dec 27 21:13:33 PST 2019,Sun Jan 26 21:13:33 PST 2020,Sat Dec 28 19:33:22 PST 2019,,,343,100% (1/1),100% (1/1),100% (1/1),38,"I select the  pictures based on, difference between the picture complexity.",FALSE,TRUE,FALSE,FALSE,FALSE,FALSE,good,TRUE,FALSE,no,,FALSE,TRUE,FALSE,FALSE,TRUE,FALSE,FALSE,FALSE,TRUE,FALSE,color-blindness,,
3SR6AEG6X82V3957C2E78BE0BE1HY6,39QC5AB1WPAYVTZ6HNWHC22F19I4HT,Putting photos in order,Choose which of the two photos is more complex,"image, complexity, ranking",$0.50,Fri Dec 27 21:07:23 PST 2019,55,BatchId:3878914;OriginalHitTemplateId:928390828;,1800,2592000,Sun Jan 26 21:07:23 PST 2020,,,30BUDKLTXH5N3V1F11660VEJJR5E5F,A33XIJCFSPGURD,Approved,Fri Dec 27 21:07:42 PST 2019,Fri Dec 27 21:26:40 PST 2019,Sun Jan 26 21:26:40 PST 2020,Sat Dec 28 19:33:22 PST 2019,,,1138,100% (1/1),100% (1/1),100% (1/1),32,The decision have been make by helping with the object in the picture,TRUE,FALSE,FALSE,FALSE,FALSE,FALSE,none,FALSE,TRUE,none,,TRUE,FALSE,FALSE,FALSE,FALSE,TRUE,FALSE,FALSE,TRUE,FALSE,none,,
3SR6AEG6X82V3957C2E78BE0BE1HY6,39QC5AB1WPAYVTZ6HNWHC22F19I4HT,Putting photos in order,Choose which of the two photos is more complex,"image, complexity, ranking",$0.50,Fri Dec 27 21:07:23 PST 2019,55,BatchId:3878914;OriginalHitTemplateId:928390828;,1800,2592000,Sun Jan 26 21:07:23 PST 2020,,,30JNVC0ORDUOGRBFBU2FJ96N73KHQB,A52JH1HQG3N3B,Approved,Fri Dec 27 21:10:21 PST 2019,Fri Dec 27 21:24:58 PST 2019,Sun Jan 26 21:24:58 PST 2020,Sat Dec 28 19:33:22 PST 2019,,,877,100% (1/1),100% (1/1),100% (1/1),35,Because one of the two picture had too much color,FALSE,TRUE,FALSE,FALSE,FALSE,FALSE,,FALSE,TRUE,NONE,,FALSE,FALSE,TRUE,FALSE,FALSE,TRUE,FALSE,FALSE,TRUE,FALSE,NONE,,
3SR6AEG6X82V3957C2E78BE0BE1HY6,39QC5AB1WPAYVTZ6HNWHC22F19I4HT,Putting photos in order,Choose which of the two photos is more complex,"image, complexity, ranking",$0.50,Fri Dec 27 21:07:23 PST 2019,55,BatchId:3878914;OriginalHitTemplateId:928390828;,1800,2592000,Sun Jan 26 21:07:23 PST 2020,,,3137ONMDKKFLJSQZIXPX4S5890JGEZ,A1IR488PZYN94W,Approved,Fri Dec 27 21:07:42 PST 2019,Fri Dec 27 21:25:13 PST 2019,Sun Jan 26 21:25:13 PST 2020,Sat Dec 28 19:33:22 PST 2019,,,1051,100% (2/2),100% (2/2),100% (1/1),28,painting image,FALSE,TRUE,FALSE,FALSE,FALSE,FALSE,good,FALSE,TRUE,none,,FALSE,FALSE,TRUE,FALSE,FALSE,TRUE,FALSE,FALSE,TRUE,FALSE,none,,
3SR6AEG6X82V3957C2E78BE0BE1HY6,39QC5AB1WPAYVTZ6HNWHC22F19I4HT,Putting photos in order,Choose which of the two photos is more complex,"image, complexity, ranking",$0.50,Fri Dec 27 21:07:23 PST 2019,55,BatchId:3878914;OriginalHitTemplateId:928390828;,1800,2592000,Sun Jan 26 21:07:23 PST 2020,,,31Z0PCVWUOP4FIXVFPAYX1SGD7NT7Z,A2T9IZ46K5WFP9,Approved,Fri Dec 27 21:07:37 PST 2019,Fri Dec 27 21:26:36 PST 2019,Sun Jan 26 21:26:36 PST 2020,Sat Dec 28 19:33:22 PST 2019,,,1139,100% (1/1),100% (1/1),100% (1/1),28,yes some similar in this photo,FALSE,FALSE,FALSE,FALSE,TRUE,FALSE,good,FALSE,TRUE,None,,FALSE,TRUE,FALSE,FALSE,FALSE,TRUE,FALSE,FALSE,TRUE,FALSE,None,,
3SR6AEG6X82V3957C2E78BE0BE1HY6,39QC5AB1WPAYVTZ6HNWHC22F19I4HT,Putting photos in order,Choose which of the two photos is more complex,"image, complexity, ranking",$0.50,Fri Dec 27 21:07:23 PST 2019,55,BatchId:3878914;OriginalHitTemplateId:928390828;,1800,2592000,Sun Jan 26 21:07:23 PST 2020,,,32M8BPYGAXWXZXSLEGFOP7301TQGI8,AB1SAQGMEZJU7,Approved,Fri Dec 27 21:07:47 PST 2019,Fri Dec 27 21:13:26 PST 2019,Sun Jan 26 21:13:26 PST 2020,Sat Dec 28 19:33:22 PST 2019,,,339,100% (1/1),100% (1/1),100% (1/1),22,things like the number of objects in the image and the color variety,FALSE,FALSE,TRUE,FALSE,FALSE,FALSE,,FALSE,TRUE,none,,FALSE,FALSE,TRUE,FALSE,FALSE,TRUE,FALSE,FALSE,TRUE,FALSE,none,,
3SR6AEG6X82V3957C2E78BE0BE1HY6,39QC5AB1WPAYVTZ6HNWHC22F19I4HT,Putting photos in order,Choose which of the two photos is more complex,"image, complexity, ranking",$0.50,Fri Dec 27 21:07:23 PST 2019,55,BatchId:3878914;OriginalHitTemplateId:928390828;,1800,2592000,Sun Jan 26 21:07:23 PST 2020,,,33CID571083YVMO3445HYT6JESFL3J,A3E8NUUS90EWXW,Approved,Fri Dec 27 21:21:37 PST 2019,Fri Dec 27 21:41:15 PST 2019,Sun Jan 26 21:41:15 PST 2020,Sat Dec 28 19:33:22 PST 2019,,,1178,100% (1/1),100% (1/1),100% (1/1),25,I decide only by visual factor and can't able to find the way of thoughts.In that pictures i choose more attractive like colorful pictures.,TRUE,FALSE,FALSE,FALSE,FALSE,FALSE,nothing like that,FALSE,TRUE,none,,TRUE,FALSE,FALSE,FALSE,FALSE,TRUE,FALSE,FALSE,TRUE,FALSE,none,,
3SR6AEG6X82V3957C2E78BE0BE1HY6,39QC5AB1WPAYVTZ6HNWHC22F19I4HT,Putting photos in order,Choose which of the two photos is more complex,"image, complexity, ranking",$0.50,Fri Dec 27 21:07:23 PST 2019,55,BatchId:3878914;OriginalHitTemplateId:928390828;,1800,2592000,Sun Jan 26 21:07:23 PST 2020,,,33ISQZVXPTWT5IQGKKNJODKQQWECCS,A198QA1OQBUJV1,Approved,Fri Dec 27 21:08:58 PST 2019,Fri Dec 27 21:24:47 PST 2019,Sun Jan 26 21:24:47 PST 2020,Sat Dec 28 19:33:23 PST 2019,,,949,100% (3/3),100% (2/2),100% (1/1),28,"all images are nice. and good quality, but I choose the complex images using the following reason, which images are contain too much properties, full color compared to other image (like lot of dresses, brick wall, Gray color image,)",TRUE,FALSE,FALSE,FALSE,FALSE,FALSE,all images are nice. and good quality. Some images are not interested. make me irritating.,FALSE,TRUE,none,,FALSE,FALSE,TRUE,FALSE,FALSE,TRUE,FALSE,FALSE,TRUE,FALSE,none,,
3SR6AEG6X82V3957C2E78BE0BE1HY6,39QC5AB1WPAYVTZ6HNWHC22F19I4HT,Putting photos in order,Choose which of the two photos is more complex,"image, complexity, ranking",$0.50,Fri Dec 27 21:07:23 PST 2019,55,BatchId:3878914;OriginalHitTemplateId:928390828;,1800,2592000,Sun Jan 26 21:07:23 PST 2020,,,33L7PJKHCK88FW2EPU24B1OBORTT8M,A3B52HZT7L8QIG,Approved,Fri Dec 27 21:07:38 PST 2019,Fri Dec 27 21:37:09 PST 2019,Sun Jan 26 21:37:09 PST 2020,Sat Dec 28 19:33:23 PST 2019,,,1771,100% (1/1),100% (1/1),100% (1/1),28,Not countable,TRUE,FALSE,FALSE,FALSE,FALSE,FALSE,good,TRUE,FALSE,none,,FALSE,FALSE,TRUE,FALSE,FALSE,TRUE,FALSE,FALSE,TRUE,FALSE,none,,
3SR6AEG6X82V3957C2E78BE0BE1HY6,39QC5AB1WPAYVTZ6HNWHC22F19I4HT,Putting photos in order,Choose which of the two photos is more complex,"image, complexity, ranking",$0.50,Fri Dec 27 21:07:23 PST 2019,55,BatchId:3878914;OriginalHitTemplateId:928390828;,1800,2592000,Sun Jan 26 21:07:23 PST 2020,,,34S9DKFK77ZPZPOC52EM1F6LSOANYT,A2LO2DX6H49IKW,Approved,Fri Dec 27 21:07:47 PST 2019,Fri Dec 27 21:34:50 PST 2019,Sun Jan 26 21:34:50 PST 2020,Sat Dec 28 19:33:23 PST 2019,,,1623,100% (1/1),100% (1/1),100% (1/1),27,good,FALSE,TRUE,FALSE,FALSE,FALSE,FALSE,good,FALSE,TRUE,no,,TRUE,FALSE,FALSE,FALSE,FALSE,TRUE,FALSE,FALSE,TRUE,FALSE,no,,
3SR6AEG6X82V3957C2E78BE0BE1HY6,39QC5AB1WPAYVTZ6HNWHC22F19I4HT,Putting photos in order,Choose which of the two photos is more complex,"image, complexity, ranking",$0.50,Fri Dec 27 21:07:23 PST 2019,55,BatchId:3878914;OriginalHitTemplateId:928390828;,1800,2592000,Sun Jan 26 21:07:23 PST 2020,,,34YB12FSQ2YJVGICZVDGH0AHI2AGMO,A2XRPKY9ON9RD3,Approved,Fri Dec 27 21:07:50 PST 2019,Fri Dec 27 21:14:26 PST 2019,Sun Jan 26 21:14:26 PST 2020,Sat Dec 28 19:33:23 PST 2019,,,396,100% (1/1),100% (1/1),100% (1/1),25,"the amount of different elements, colors and shapes",FALSE,TRUE,FALSE,FALSE,FALSE,FALSE,,TRUE,FALSE,None,,TRUE,FALSE,FALSE,FALSE,FALSE,TRUE,FALSE,FALSE,TRUE,FALSE,None,,
3SR6AEG6X82V3957C2E78BE0BE1HY6,39QC5AB1WPAYVTZ6HNWHC22F19I4HT,Putting photos in order,Choose which of the two photos is more complex,"image, complexity, ranking",$0.50,Fri Dec 27 21:07:23 PST 2019,55,BatchId:3878914;OriginalHitTemplateId:928390828;,1800,2592000,Sun Jan 26 21:07:23 PST 2020,,,35K3O9HUAFNF5SU47DJFM75W8LKEFZ,A20NUGCPGHLZGD,Approved,Fri Dec 27 21:16:20 PST 2019,Fri Dec 27 21:31:15 PST 2019,Sun Jan 26 21:31:15 PST 2020,Sat Dec 28 19:33:23 PST 2019,,,895,100% (2/2),100% (1/1),100% (1/1),28,IT IS VERY HARD TO CATEGORISE,TRUE,FALSE,FALSE,FALSE,FALSE,FALSE,NICE,FALSE,TRUE,NONE,,FALSE,TRUE,FALSE,FALSE,TRUE,FALSE,FALSE,FALSE,TRUE,FALSE,NONE,,
3SR6AEG6X82V3957C2E78BE0BE1HY6,39QC5AB1WPAYVTZ6HNWHC22F19I4HT,Putting photos in order,Choose which of the two photos is more complex,"image, complexity, ranking",$0.50,Fri Dec 27 21:07:23 PST 2019,55,BatchId:3878914;OriginalHitTemplateId:928390828;,1800,2592000,Sun Jan 26 21:07:23 PST 2020,,,36PW28KO436K91DWWXXN86U5B56EAL,A1WMSEYYDBB7UK,Approved,Fri Dec 27 21:07:49 PST 2019,Fri Dec 27 21:11:33 PST 2019,Sun Jan 26 21:11:33 PST 2020,Sat Dec 28 19:33:23 PST 2019,,,224,100% (1/1),100% (1/1),100% (1/1),25,"A specific factor that would cause me to choose one picture as being more complex than the other is how clear the picture can be perceived. If it's a photograph, is it clear? if it's an artwork, are the lines and shading good?",FALSE,FALSE,TRUE,FALSE,FALSE,FALSE,The questions were easy to answer and not intrusive. Thanks.,FALSE,TRUE,none,my vision is correctable with glasses.,TRUE,FALSE,FALSE,FALSE,FALSE,TRUE,FALSE,FALSE,TRUE,FALSE,none,,
3SR6AEG6X82V3957C2E78BE0BE1HY6,39QC5AB1WPAYVTZ6HNWHC22F19I4HT,Putting photos in order,Choose which of the two photos is more complex,"image, complexity, ranking",$0.50,Fri Dec 27 21:07:23 PST 2019,55,BatchId:3878914;OriginalHitTemplateId:928390828;,1800,2592000,Sun Jan 26 21:07:23 PST 2020,,,36TFCYNS48K8POCRX8X7DH2G46CXHT,A1I25A84DUJLI,Approved,Fri Dec 27 21:38:25 PST 2019,Fri Dec 27 21:44:42 PST 2019,Sun Jan 26 21:44:42 PST 2020,Sat Dec 28 19:33:23 PST 2019,,,377,100% (1/1),100% (1/1),100% (1/1),28,IT IS DIFFICULT SO I CHOOSE THE IMAGE.,TRUE,FALSE,FALSE,FALSE,FALSE,FALSE,ITS VERY GOOD,FALSE,TRUE,NONE,,FALSE,TRUE,FALSE,FALSE,TRUE,FALSE,FALSE,TRUE,FALSE,FALSE,NONE,,
3SR6AEG6X82V3957C2E78BE0BE1HY6,39QC5AB1WPAYVTZ6HNWHC22F19I4HT,Putting photos in order,Choose which of the two photos is more complex,"image, complexity, ranking",$0.50,Fri Dec 27 21:07:23 PST 2019,55,BatchId:3878914;OriginalHitTemplateId:928390828;,1800,2592000,Sun Jan 26 21:07:23 PST 2020,,,37FMASSAYG118GKAYUNAOWC3LGYBIM,A340UNNVUZMEZF,Approved,Fri Dec 27 21:07:43 PST 2019,Fri Dec 27 21:29:48 PST 2019,Sun Jan 26 21:29:48 PST 2020,Sat Dec 28 19:33:23 PST 2019,,,1325,100% (1/1),100% (1/1),100% (1/1),30,Based on  best quality  & graphics  in the photo,TRUE,FALSE,FALSE,FALSE,FALSE,FALSE,Good,FALSE,TRUE,none,,FALSE,FALSE,TRUE,FALSE,FALSE,TRUE,FALSE,FALSE,TRUE,FALSE,none,,
3SR6AEG6X82V3957C2E78BE0BE1HY6,39QC5AB1WPAYVTZ6HNWHC22F19I4HT,Putting photos in order,Choose which of the two photos is more complex,"image, complexity, ranking",$0.50,Fri Dec 27 21:07:23 PST 2019,55,BatchId:3878914;OriginalHitTemplateId:928390828;,1800,2592000,Sun Jan 26 21:07:23 PST 2020,,,37TRT2X24U1X3R4GGC8A0XR3YVNJB6,AYM9V69MSQPZ5,Approved,Fri Dec 27 21:07:50 PST 2019,Fri Dec 27 21:25:34 PST 2019,Sun Jan 26 21:25:34 PST 2020,Sat Dec 28 19:33:24 PST 2019,,,1064,100% (1/1),100% (1/1),100% (1/1),25,Some of pictures was very complex but it was easy to find .I have evaluated the pictures through their identification and their number of counts.,TRUE,FALSE,FALSE,FALSE,FALSE,FALSE,It was easy to find the complex picture,FALSE,TRUE,none,,FALSE,FALSE,TRUE,FALSE,FALSE,TRUE,FALSE,FALSE,TRUE,FALSE,none,,
3SR6AEG6X82V3957C2E78BE0BE1HY6,39QC5AB1WPAYVTZ6HNWHC22F19I4HT,Putting photos in order,Choose which of the two photos is more complex,"image, complexity, ranking",$0.50,Fri Dec 27 21:07:23 PST 2019,55,BatchId:3878914;OriginalHitTemplateId:928390828;,1800,2592000,Sun Jan 26 21:07:23 PST 2020,,,39RP059MEL3N4ZA1J9L2GPJK2PIBM2,A47E0Z3LTH37V,Approved,Fri Dec 27 21:07:47 PST 2019,Fri Dec 27 21:23:26 PST 2019,Sun Jan 26 21:23:26 PST 2020,Sat Dec 28 19:33:24 PST 2019,,,939,100% (1/1),100% (1/1),100% (1/1),24,Given the two pictures are very complex to each other.It is find to very difficult.Basically the images are very different to each other.In this case the image will defined as complex.,FALSE,TRUE,FALSE,FALSE,FALSE,FALSE,This study was very interesting.To find the complex images are somewhat difficult.,TRUE,FALSE,none,,FALSE,TRUE,FALSE,FALSE,TRUE,FALSE,FALSE,FALSE,TRUE,FALSE,none,,
3SR6AEG6X82V3957C2E78BE0BE1HY6,39QC5AB1WPAYVTZ6HNWHC22F19I4HT,Putting photos in order,Choose which of the two photos is more complex,"image, complexity, ranking",$0.50,Fri Dec 27 21:07:23 PST 2019,55,BatchId:3878914;OriginalHitTemplateId:928390828;,1800,2592000,Sun Jan 26 21:07:23 PST 2020,,,3BWI6RSP7KJ2QZFYPUL3YFSFAX0E7U,A1EWA8X6KNU30M,Approved,Fri Dec 27 21:07:48 PST 2019,Fri Dec 27 21:11:30 PST 2019,Sun Jan 26 21:11:30 PST 2020,Sat Dec 28 19:33:24 PST 2019,,,222,100% (1/1),100% (1/1),100% (1/1),20,"I chose to judge pictures' complexities based on their different colors, color contrast, textures, blurriness of background, and number of ""edges"" or small particles.",TRUE,FALSE,FALSE,FALSE,FALSE,FALSE,none,FALSE,TRUE,none,,TRUE,FALSE,FALSE,FALSE,FALSE,TRUE,FALSE,FALSE,TRUE,FALSE,none,,
3SR6AEG6X82V3957C2E78BE0BE1HY6,39QC5AB1WPAYVTZ6HNWHC22F19I4HT,Putting photos in order,Choose which of the two photos is more complex,"image, complexity, ranking",$0.50,Fri Dec 27 21:07:23 PST 2019,55,BatchId:3878914;OriginalHitTemplateId:928390828;,1800,2592000,Sun Jan 26 21:07:23 PST 2020,,,3CFVK00FWPVXS5BLN63F5WI3OJHL6P,A1CY7IOJ9YH136,Approved,Fri Dec 27 21:07:42 PST 2019,Fri Dec 27 21:15:20 PST 2019,Sun Jan 26 21:15:20 PST 2020,Sat Dec 28 19:33:24 PST 2019,,,458,100% (2/2),100% (2/2),100% (1/1),50,"I thought it was more complex when there was more detail, especially of fine details such as focus on the leaves or patterns.",TRUE,FALSE,FALSE,FALSE,FALSE,FALSE,This was a fun and enjoyable study.,TRUE,FALSE,none,,TRUE,FALSE,FALSE,FALSE,FALSE,TRUE,FALSE,FALSE,TRUE,FALSE,none,,
3SR6AEG6X82V3957C2E78BE0BE1HY6,39QC5AB1WPAYVTZ6HNWHC22F19I4HT,Putting photos in order,Choose which of the two photos is more complex,"image, complexity, ranking",$0.50,Fri Dec 27 21:07:23 PST 2019,55,BatchId:3878914;OriginalHitTemplateId:928390828;,1800,2592000,Sun Jan 26 21:07:23 PST 2020,,,3CTOC39K3B0A1F1Q3VWUVV57F5WJ7K,A17TKHT8FEVH0R,Approved,Fri Dec 27 21:07:35 PST 2019,Fri Dec 27 21:12:04 PST 2019,Sun Jan 26 21:12:04 PST 2020,Sat Dec 28 19:33:24 PST 2019,,,269,100% (5/5),100% (2/2),100% (1/1),25,I determined which of the two images would be harder to describe to someone else. I thought about which images would be harder to recreate.,TRUE,FALSE,FALSE,FALSE,FALSE,FALSE,,FALSE,TRUE,none,,TRUE,FALSE,FALSE,FALSE,FALSE,TRUE,FALSE,FALSE,TRUE,FALSE,none,,
3SR6AEG6X82V3957C2E78BE0BE1HY6,39QC5AB1WPAYVTZ6HNWHC22F19I4HT,Putting photos in order,Choose which of the two photos is more complex,"image, complexity, ranking",$0.50,Fri Dec 27 21:07:23 PST 2019,55,BatchId:3878914;OriginalHitTemplateId:928390828;,1800,2592000,Sun Jan 26 21:07:23 PST 2020,,,3D4CH1LGEE34OWZIAM9BCE4XI339GI,A3FT6DPC6VKHL2,Approved,Fri Dec 27 21:07:50 PST 2019,Fri Dec 27 21:17:12 PST 2019,Sun Jan 26 21:17:12 PST 2020,Sat Dec 28 19:33:24 PST 2019,,,562,100% (1/1),100% (1/1),100% (1/1),35,I feel good while choosing complex image,FALSE,TRUE,FALSE,FALSE,FALSE,FALSE,Hope my data will useful for your research.Thank you.,FALSE,TRUE,None,,FALSE,FALSE,TRUE,FALSE,FALSE,TRUE,FALSE,FALSE,TRUE,FALSE,None,,
3SR6AEG6X82V3957C2E78BE0BE1HY6,39QC5AB1WPAYVTZ6HNWHC22F19I4HT,Putting photos in order,Choose which of the two photos is more complex,"image, complexity, ranking",$0.50,Fri Dec 27 21:07:23 PST 2019,55,BatchId:3878914;OriginalHitTemplateId:928390828;,1800,2592000,Sun Jan 26 21:07:23 PST 2020,,,3DI28L7YXEOOFD0W0E4UX5127B0E1X,A2NQ9P3G7NEP8X,Approved,Fri Dec 27 21:38:14 PST 2019,Fri Dec 27 21:49:04 PST 2019,Sun Jan 26 21:49:04 PST 2020,Sat Dec 28 19:33:24 PST 2019,,,650,100% (1/1),100% (1/1),100% (1/1),29,"SOME IMAGE CLAMSY SO I SELECT THEM, NEXT COLORS MIXED IMAGE SO I SELECT THAT IMAGE",TRUE,FALSE,FALSE,FALSE,FALSE,FALSE,GOOD,FALSE,TRUE,NONE,NORMAL VISION,FALSE,FALSE,FALSE,TRUE,FALSE,TRUE,FALSE,FALSE,TRUE,FALSE,NONE,,
3SR6AEG6X82V3957C2E78BE0BE1HY6,39QC5AB1WPAYVTZ6HNWHC22F19I4HT,Putting photos in order,Choose which of the two photos is more complex,"image, complexity, ranking",$0.50,Fri Dec 27 21:07:23 PST 2019,55,BatchId:3878914;OriginalHitTemplateId:928390828;,1800,2592000,Sun Jan 26 21:07:23 PST 2020,,,3E337GFOLDIPDY3CBWSGUFZHNSPNG0,A2E3VF3QUEHB8P,Approved,Fri Dec 27 21:39:06 PST 2019,Fri Dec 27 21:54:33 PST 2019,Sun Jan 26 21:54:33 PST 2020,Sat Dec 28 19:33:24 PST 2019,,,927,100% (1/1),100% (1/1),100% (1/1),28,ITS VERY DIFFICULT,TRUE,FALSE,FALSE,FALSE,FALSE,FALSE,IT NICE,FALSE,TRUE,NONE,,TRUE,FALSE,FALSE,FALSE,TRUE,FALSE,FALSE,FALSE,TRUE,FALSE,NONE,,
3SR6AEG6X82V3957C2E78BE0BE1HY6,39QC5AB1WPAYVTZ6HNWHC22F19I4HT,Putting photos in order,Choose which of the two photos is more complex,"image, complexity, ranking",$0.50,Fri Dec 27 21:07:23 PST 2019,55,BatchId:3878914;OriginalHitTemplateId:928390828;,1800,2592000,Sun Jan 26 21:07:23 PST 2020,,,3FIUS151DZCJ36MQOSFL4VQKMGYGGG,AC16JDLH3W0LE,Approved,Fri Dec 27 21:07:45 PST 2019,Fri Dec 27 21:15:58 PST 2019,Sun Jan 26 21:15:58 PST 2020,Sat Dec 28 19:33:25 PST 2019,,,493,100% (2/2),100% (2/2),100% (1/1),32,based on the colors,FALSE,FALSE,FALSE,FALSE,FALSE,TRUE,good,FALSE,TRUE,none,,FALSE,TRUE,FALSE,FALSE,TRUE,FALSE,FALSE,FALSE,TRUE,FALSE,none,,
3SR6AEG6X82V3957C2E78BE0BE1HY6,39QC5AB1WPAYVTZ6HNWHC22F19I4HT,Putting photos in order,Choose which of the two photos is more complex,"image, complexity, ranking",$0.50,Fri Dec 27 21:07:23 PST 2019,55,BatchId:3878914;OriginalHitTemplateId:928390828;,1800,2592000,Sun Jan 26 21:07:23 PST 2020,,,3G2UL9A02HOYDKMJJC25MR02TZF765,A134M46ZP1H02D,Approved,Fri Dec 27 21:27:16 PST 2019,Fri Dec 27 21:33:29 PST 2019,Sun Jan 26 21:33:29 PST 2020,Sat Dec 28 19:33:25 PST 2019,,,373,100% (2/2),100% (1/1),100% (1/1),28,The images are contain most count of items and small pieces of items and then painting.,TRUE,FALSE,FALSE,FALSE,FALSE,FALSE,nice,FALSE,TRUE,nono,,FALSE,FALSE,TRUE,FALSE,FALSE,TRUE,FALSE,FALSE,TRUE,FALSE,none,,
3SR6AEG6X82V3957C2E78BE0BE1HY6,39QC5AB1WPAYVTZ6HNWHC22F19I4HT,Putting photos in order,Choose which of the two photos is more complex,"image, complexity, ranking",$0.50,Fri Dec 27 21:07:23 PST 2019,55,BatchId:3878914;OriginalHitTemplateId:928390828;,1800,2592000,Sun Jan 26 21:07:23 PST 2020,,,3GLB5JMZF15GRMCZM2EDYANN9OIGD6,A1XPPDIDKN6BQI,Approved,Fri Dec 27 21:32:55 PST 2019,Fri Dec 27 21:51:07 PST 2019,Sun Jan 26 21:51:07 PST 2020,Sat Dec 28 19:33:25 PST 2019,,,1092,100% (1/1),100% (1/1),100% (1/1),32,It is more complex,TRUE,FALSE,FALSE,FALSE,FALSE,FALSE,nice,FALSE,TRUE,none,,FALSE,FALSE,TRUE,FALSE,FALSE,TRUE,FALSE,FALSE,FALSE,TRUE,none,,
3SR6AEG6X82V3957C2E78BE0BE1HY6,39QC5AB1WPAYVTZ6HNWHC22F19I4HT,Putting photos in order,Choose which of the two photos is more complex,"image, complexity, ranking",$0.50,Fri Dec 27 21:07:23 PST 2019,55,BatchId:3878914;OriginalHitTemplateId:928390828;,1800,2592000,Sun Jan 26 21:07:23 PST 2020,,,3GS6S824SU7LAKTCQ1WYGIL5HGANWU,AQ7LRYYA7NRWR,Approved,Fri Dec 27 21:07:43 PST 2019,Fri Dec 27 21:24:59 PST 2019,Sun Jan 26 21:24:59 PST 2020,Sat Dec 28 19:33:25 PST 2019,,,1036,100% (1/1),100% (1/1),100% (1/1),28,Not at all,TRUE,FALSE,FALSE,FALSE,FALSE,FALSE,GOOD,FALSE,TRUE,NONE,NONE,FALSE,TRUE,FALSE,FALSE,FALSE,TRUE,FALSE,FALSE,TRUE,FALSE,NONE,,
3SR6AEG6X82V3957C2E78BE0BE1HY6,39QC5AB1WPAYVTZ6HNWHC22F19I4HT,Putting photos in order,Choose which of the two photos is more complex,"image, complexity, ranking",$0.50,Fri Dec 27 21:07:23 PST 2019,55,BatchId:3878914;OriginalHitTemplateId:928390828;,1800,2592000,Sun Jan 26 21:07:23 PST 2020,,,3HRMW88U1A0MKC7RLTODW8N1BLNM0T,A18EWG6CNKAO2J,Approved,Fri Dec 27 21:23:51 PST 2019,Fri Dec 27 21:34:38 PST 2019,Sun Jan 26 21:34:38 PST 2020,Sat Dec 28 19:33:25 PST 2019,,,647,100% (1/1),100% (1/1),100% (1/1),28,Its image very uncountable picture and very colorful.,TRUE,FALSE,FALSE,FALSE,FALSE,FALSE,its very nice colorful.,FALSE,TRUE,none,,FALSE,FALSE,TRUE,FALSE,TRUE,FALSE,FALSE,FALSE,TRUE,FALSE,none,,
3SR6AEG6X82V3957C2E78BE0BE1HY6,39QC5AB1WPAYVTZ6HNWHC22F19I4HT,Putting photos in order,Choose which of the two photos is more complex,"image, complexity, ranking",$0.50,Fri Dec 27 21:07:23 PST 2019,55,BatchId:3878914;OriginalHitTemplateId:928390828;,1800,2592000,Sun Jan 26 21:07:23 PST 2020,,,3I2PTA7R3X4FIHCNHF5CW1MFZKOQKO,A2GRJVN7B5YR96,Approved,Fri Dec 27 21:17:52 PST 2019,Fri Dec 27 21:40:19 PST 2019,Sun Jan 26 21:40:19 PST 2020,Sat Dec 28 19:33:25 PST 2019,,,1347,100% (2/2),100% (1/1),100% (1/1),28,"I CAN FIND THE COMPLEXITY OF IMAGES BASED ON THE PICTURE TYPE SUCH AS COLOR, SHAPE, IMAGE QUALITY AND OBJECT.",TRUE,FALSE,FALSE,FALSE,FALSE,FALSE,NICE TO WORK.,FALSE,TRUE,NONE,,FALSE,FALSE,FALSE,TRUE,FALSE,TRUE,FALSE,FALSE,TRUE,FALSE,NONE,,
3SR6AEG6X82V3957C2E78BE0BE1HY6,39QC5AB1WPAYVTZ6HNWHC22F19I4HT,Putting photos in order,Choose which of the two photos is more complex,"image, complexity, ranking",$0.50,Fri Dec 27 21:07:23 PST 2019,55,BatchId:3878914;OriginalHitTemplateId:928390828;,1800,2592000,Sun Jan 26 21:07:23 PST 2020,,,3IXQG4FA2X88XFR7U0HXB3D02QB9B1,A3N5HVAGCVNPX2,Approved,Fri Dec 27 21:07:38 PST 2019,Fri Dec 27 21:36:13 PST 2019,Sun Jan 26 21:36:13 PST 2020,Sat Dec 28 19:33:25 PST 2019,,,1715,100% (1/1),100% (1/1),100% (1/1),28,I COUNTING IS DIFFICULT,TRUE,FALSE,FALSE,FALSE,FALSE,FALSE,GOOD,FALSE,TRUE,none,,FALSE,TRUE,FALSE,FALSE,TRUE,FALSE,TRUE,FALSE,FALSE,FALSE,NONE,,
3SR6AEG6X82V3957C2E78BE0BE1HY6,39QC5AB1WPAYVTZ6HNWHC22F19I4HT,Putting photos in order,Choose which of the two photos is more complex,"image, complexity, ranking",$0.50,Fri Dec 27 21:07:23 PST 2019,55,BatchId:3878914;OriginalHitTemplateId:928390828;,1800,2592000,Sun Jan 26 21:07:23 PST 2020,,,3JRJSWSMQLVKPGEBNIIDLYGZ5VEE3P,A3LXD82BMSRT2F,Approved,Fri Dec 27 21:07:41 PST 2019,Fri Dec 27 21:31:03 PST 2019,Sun Jan 26 21:31:03 PST 2020,Sat Dec 28 19:33:25 PST 2019,,,1402,100% (1/1),100% (1/1),100% (1/1),30,based on photo quality and graphics in photo,TRUE,FALSE,FALSE,FALSE,FALSE,FALSE,Good,FALSE,TRUE,none,,FALSE,FALSE,TRUE,FALSE,TRUE,FALSE,FALSE,FALSE,TRUE,FALSE,none,,
3SR6AEG6X82V3957C2E78BE0BE1HY6,39QC5AB1WPAYVTZ6HNWHC22F19I4HT,Putting photos in order,Choose which of the two photos is more complex,"image, complexity, ranking",$0.50,Fri Dec 27 21:07:23 PST 2019,55,BatchId:3878914;OriginalHitTemplateId:928390828;,1800,2592000,Sun Jan 26 21:07:23 PST 2020,,,3KB8R4ZV1IHNCPEF86N73KZN636GBZ,A3TPW4JUUJDUFI,Approved,Fri Dec 27 21:07:37 PST 2019,Fri Dec 27 21:25:39 PST 2019,Sun Jan 26 21:25:39 PST 2020,Sat Dec 28 19:33:26 PST 2019,,,1082,100% (1/1),100% (1/1),100% (1/1),32,I like this picture and also attracted me,TRUE,FALSE,FALSE,FALSE,FALSE,FALSE,nice,FALSE,TRUE,none,,FALSE,FALSE,TRUE,FALSE,FALSE,TRUE,FALSE,FALSE,TRUE,FALSE,none,,
3SR6AEG6X82V3957C2E78BE0BE1HY6,39QC5AB1WPAYVTZ6HNWHC22F19I4HT,Putting photos in order,Choose which of the two photos is more complex,"image, complexity, ranking",$0.50,Fri Dec 27 21:07:23 PST 2019,55,BatchId:3878914;OriginalHitTemplateId:928390828;,1800,2592000,Sun Jan 26 21:07:23 PST 2020,,,3KWTYT0874D191B7INTADQ43SO6L59,A34X7ZCR1JY139,Approved,Fri Dec 27 21:07:39 PST 2019,Fri Dec 27 21:14:27 PST 2019,Sun Jan 26 21:14:27 PST 2020,Sat Dec 28 19:33:26 PST 2019,,,408,100% (2/2),100% (1/1),100% (1/1),27,images with a good design or alignment of objects are complex images and hard to create,FALSE,TRUE,FALSE,FALSE,FALSE,FALSE,,FALSE,TRUE,none,,FALSE,TRUE,FALSE,FALSE,FALSE,TRUE,FALSE,FALSE,TRUE,FALSE,none,,
3SR6AEG6X82V3957C2E78BE0BE1HY6,39QC5AB1WPAYVTZ6HNWHC22F19I4HT,Putting photos in order,Choose which of the two photos is more complex,"image, complexity, ranking",$0.50,Fri Dec 27 21:07:23 PST 2019,55,BatchId:3878914;OriginalHitTemplateId:928390828;,1800,2592000,Sun Jan 26 21:07:23 PST 2020,,,3M81GAB8A4TEPE8TB2SJXY3PCQFBQP,A2OP2ZANIM5ZV,Approved,Fri Dec 27 21:08:01 PST 2019,Fri Dec 27 21:17:52 PST 2019,Sun Jan 26 21:17:52 PST 2020,Sat Dec 28 19:33:26 PST 2019,,,591,100% (2/2),100% (1/1),100% (1/1),23,i think more flowers are complicity and some images are very difficult.,TRUE,FALSE,FALSE,FALSE,FALSE,FALSE,nothing,TRUE,FALSE,none,,FALSE,TRUE,FALSE,FALSE,FALSE,TRUE,FALSE,FALSE,TRUE,FALSE,none,,
3SR6AEG6X82V3957C2E78BE0BE1HY6,39QC5AB1WPAYVTZ6HNWHC22F19I4HT,Putting photos in order,Choose which of the two photos is more complex,"image, complexity, ranking",$0.50,Fri Dec 27 21:07:23 PST 2019,55,BatchId:3878914;OriginalHitTemplateId:928390828;,1800,2592000,Sun Jan 26 21:07:23 PST 2020,,,3NLZY2D53TZQ2NU52FHDB1ZUOKTQLR,A2CS8ESKDX6EBA,Approved,Fri Dec 27 21:07:50 PST 2019,Fri Dec 27 21:16:21 PST 2019,Sun Jan 26 21:16:21 PST 2020,Sat Dec 28 19:33:26 PST 2019,,,511,100% (4/4),100% (1/1),100% (1/1),29,The more the items and colors it is judged as complex.  Some pictures are just plain and some are rich.,FALSE,TRUE,FALSE,FALSE,FALSE,FALSE,,FALSE,TRUE,None,,FALSE,TRUE,FALSE,FALSE,FALSE,TRUE,FALSE,FALSE,TRUE,FALSE,None,,
3SR6AEG6X82V3957C2E78BE0BE1HY6,39QC5AB1WPAYVTZ6HNWHC22F19I4HT,Putting photos in order,Choose which of the two photos is more complex,"image, complexity, ranking",$0.50,Fri Dec 27 21:07:23 PST 2019,55,BatchId:3878914;OriginalHitTemplateId:928390828;,1800,2592000,Sun Jan 26 21:07:23 PST 2020,,,3NPFYT4IZGEUPSHGD2FPSHQFP6UGX8,A3I7ZBU31VKOMC,Approved,Fri Dec 27 21:08:57 PST 2019,Fri Dec 27 21:23:55 PST 2019,Sun Jan 26 21:23:55 PST 2020,Sat Dec 28 19:33:26 PST 2019,,,898,100% (1/1),100% (1/1),100% (1/1),28,which image is visible clear and some what more color,TRUE,FALSE,FALSE,FALSE,FALSE,FALSE,nice,FALSE,TRUE,none,,FALSE,TRUE,FALSE,FALSE,FALSE,TRUE,FALSE,FALSE,TRUE,FALSE,none,,
3SR6AEG6X82V3957C2E78BE0BE1HY6,39QC5AB1WPAYVTZ6HNWHC22F19I4HT,Putting photos in order,Choose which of the two photos is more complex,"image, complexity, ranking",$0.50,Fri Dec 27 21:07:23 PST 2019,55,BatchId:3878914;OriginalHitTemplateId:928390828;,1800,2592000,Sun Jan 26 21:07:23 PST 2020,,,3NQL1CS15VI27UXL7T0DBW0YERCVYI,A16X5FB3HAFCKN,Approved,Fri Dec 27 21:12:13 PST 2019,Fri Dec 27 21:21:23 PST 2019,Sun Jan 26 21:21:23 PST 2020,Sat Dec 28 19:33:26 PST 2019,,,550,100% (1/1),100% (1/1),100% (1/1),35,ONE IMAGE EASY TO COUNTABLE AND OTHER IMAGE IS NOT CELER.,TRUE,FALSE,FALSE,FALSE,FALSE,FALSE,NO,FALSE,TRUE,NONE,,FALSE,TRUE,FALSE,FALSE,FALSE,TRUE,FALSE,FALSE,TRUE,FALSE,NONE,,
3SR6AEG6X82V3957C2E78BE0BE1HY6,39QC5AB1WPAYVTZ6HNWHC22F19I4HT,Putting photos in order,Choose which of the two photos is more complex,"image, complexity, ranking",$0.50,Fri Dec 27 21:07:23 PST 2019,55,BatchId:3878914;OriginalHitTemplateId:928390828;,1800,2592000,Sun Jan 26 21:07:23 PST 2020,,,3OSWBBLG1I7RD87PBCEHMWNICEEDXV,AP9TUT1V7MGAG,Approved,Fri Dec 27 21:37:54 PST 2019,Fri Dec 27 21:51:35 PST 2019,Sun Jan 26 21:51:35 PST 2020,Sat Dec 28 19:33:26 PST 2019,,,821,100% (1/1),100% (1/1),100% (1/1),48,I CHOOSE THE PICTURES BASED ON  THEIR COMPLEX.,FALSE,TRUE,FALSE,FALSE,FALSE,FALSE,GOOD,FALSE,TRUE,NONE,,TRUE,FALSE,FALSE,FALSE,TRUE,FALSE,FALSE,FALSE,TRUE,FALSE,color-blindness,,
3SR6AEG6X82V3957C2E78BE0BE1HY6,39QC5AB1WPAYVTZ6HNWHC22F19I4HT,Putting photos in order,Choose which of the two photos is more complex,"image, complexity, ranking",$0.50,Fri Dec 27 21:07:23 PST 2019,55,BatchId:3878914;OriginalHitTemplateId:928390828;,1800,2592000,Sun Jan 26 21:07:23 PST 2020,,,3OVHNO1VEABGI374CU22JH3TKECDZS,A3VGEDABIJUP1R,Approved,Fri Dec 27 21:38:35 PST 2019,Fri Dec 27 21:53:03 PST 2019,Sun Jan 26 21:53:03 PST 2020,Sat Dec 28 19:33:26 PST 2019,,,868,100% (1/1),100% (1/1),100% (1/1),25,I choose images that were difficult for my understanding of these images.I choose this image based on colors.,TRUE,FALSE,FALSE,FALSE,FALSE,FALSE,nothing like that,FALSE,TRUE,none,,TRUE,FALSE,FALSE,FALSE,FALSE,TRUE,FALSE,FALSE,TRUE,FALSE,none,,
3SR6AEG6X82V3957C2E78BE0BE1HY6,39QC5AB1WPAYVTZ6HNWHC22F19I4HT,Putting photos in order,Choose which of the two photos is more complex,"image, complexity, ranking",$0.50,Fri Dec 27 21:07:23 PST 2019,55,BatchId:3878914;OriginalHitTemplateId:928390828;,1800,2592000,Sun Jan 26 21:07:23 PST 2020,,,3QAVNHZ3EQEYF7NODJKRL1KPK27LAF,A3HK5S3ILU5TZZ,Approved,Fri Dec 27 21:07:46 PST 2019,Fri Dec 27 21:23:42 PST 2019,Sun Jan 26 21:23:42 PST 2020,Sat Dec 28 19:33:27 PST 2019,,,956,100% (1/1),100% (1/1),100% (1/1),28,the pictures counting is more difficult compare to another.,TRUE,FALSE,FALSE,FALSE,FALSE,FALSE,very interesting and good.,TRUE,FALSE,none,,FALSE,FALSE,TRUE,FALSE,FALSE,TRUE,FALSE,FALSE,TRUE,FALSE,none,,
3SR6AEG6X82V3957C2E78BE0BE1HY6,39QC5AB1WPAYVTZ6HNWHC22F19I4HT,Putting photos in order,Choose which of the two photos is more complex,"image, complexity, ranking",$0.50,Fri Dec 27 21:07:23 PST 2019,55,BatchId:3878914;OriginalHitTemplateId:928390828;,1800,2592000,Sun Jan 26 21:07:23 PST 2020,,,3QHK8ZVMIQS3YHSGJXKNGC4V2KSBL0,A2KLDA6MCHVV4V,Approved,Fri Dec 27 21:07:44 PST 2019,Fri Dec 27 21:13:33 PST 2019,Sun Jan 26 21:13:33 PST 2020,Sat Dec 28 19:33:27 PST 2019,,,349,100% (1/1),100% (1/1),100% (1/1),32,BRICKS,FALSE,FALSE,FALSE,FALSE,TRUE,FALSE,ITS VERY EASY TASK,TRUE,FALSE,NONE,,FALSE,FALSE,TRUE,FALSE,TRUE,FALSE,FALSE,FALSE,TRUE,FALSE,NONE,,
3SR6AEG6X82V3957C2E78BE0BE1HY6,39QC5AB1WPAYVTZ6HNWHC22F19I4HT,Putting photos in order,Choose which of the two photos is more complex,"image, complexity, ranking",$0.50,Fri Dec 27 21:07:23 PST 2019,55,BatchId:3878914;OriginalHitTemplateId:928390828;,1800,2592000,Sun Jan 26 21:07:23 PST 2020,,,3QHK8ZVMIQS3YHSGJXKNGC4V2KSLBA,A3B82GXN9H9MPZ,Approved,Fri Dec 27 21:08:23 PST 2019,Fri Dec 27 21:28:58 PST 2019,Sun Jan 26 21:28:58 PST 2020,Sat Dec 28 19:33:27 PST 2019,,,1235,100% (1/1),100% (1/1),100% (1/1),28,"answers to a Situational Judgement Test, in addition to drawing on your ..I managed to make him aware of an alternative image i select that some image is very clamsy so i select that image",TRUE,FALSE,FALSE,FALSE,FALSE,FALSE,This study is good,FALSE,TRUE,none,,FALSE,FALSE,TRUE,FALSE,TRUE,FALSE,FALSE,FALSE,TRUE,FALSE,none,,
3SR6AEG6X82V3957C2E78BE0BE1HY6,39QC5AB1WPAYVTZ6HNWHC22F19I4HT,Putting photos in order,Choose which of the two photos is more complex,"image, complexity, ranking",$0.50,Fri Dec 27 21:07:23 PST 2019,55,BatchId:3878914;OriginalHitTemplateId:928390828;,1800,2592000,Sun Jan 26 21:07:23 PST 2020,,,3QRYMNZ7F2RTI3PIVWRNTYE6DMSNT4,A2WIBK4EGQ8IJZ,Approved,Fri Dec 27 21:38:25 PST 2019,Fri Dec 27 21:55:02 PST 2019,Sun Jan 26 21:55:02 PST 2020,Sat Dec 28 19:33:27 PST 2019,,,997,100% (1/1),100% (1/1),100% (1/1),25,A visual scene can be perceived as more or less complex depending on multiple factors.,TRUE,FALSE,FALSE,FALSE,FALSE,FALSE,It was so interesting and good,TRUE,FALSE,none,,TRUE,FALSE,FALSE,FALSE,FALSE,TRUE,FALSE,FALSE,TRUE,FALSE,none,,
3SR6AEG6X82V3957C2E78BE0BE1HY6,39QC5AB1WPAYVTZ6HNWHC22F19I4HT,Putting photos in order,Choose which of the two photos is more complex,"image, complexity, ranking",$0.50,Fri Dec 27 21:07:23 PST 2019,55,BatchId:3878914;OriginalHitTemplateId:928390828;,1800,2592000,Sun Jan 26 21:07:23 PST 2020,,,3R0T90IZ1WM6MU6LM6J2E455OO6GC6,A1B7GQTH9YG04X,Approved,Fri Dec 27 21:38:25 PST 2019,Fri Dec 27 21:43:33 PST 2019,Sun Jan 26 21:43:33 PST 2020,Sat Dec 28 19:33:27 PST 2019,,,308,100% (1/1),100% (1/1),100% (1/1),32,a lot of it had to do with color contrasts coupled with item count in my decisions. pictures that had depth of field with complex items in the background were up there on my list as well. even if the concurrent colors were similar like the picture of the what i think was fertilizer i would still choose it due to the complexity of the product being strewn about in suck a way. vibrancy of colors was a factor but not necessarily the biggest one.,TRUE,FALSE,FALSE,FALSE,FALSE,FALSE,,FALSE,TRUE,none,,FALSE,TRUE,FALSE,FALSE,FALSE,TRUE,FALSE,FALSE,TRUE,FALSE,none,,
3SR6AEG6X82V3957C2E78BE0BE1HY6,39QC5AB1WPAYVTZ6HNWHC22F19I4HT,Putting photos in order,Choose which of the two photos is more complex,"image, complexity, ranking",$0.50,Fri Dec 27 21:07:23 PST 2019,55,BatchId:3878914;OriginalHitTemplateId:928390828;,1800,2592000,Sun Jan 26 21:07:23 PST 2020,,,3S4AW7T80FSJDI774IA08YYPSSBL44,A36MDZ9ML0W2VQ,Approved,Fri Dec 27 21:07:35 PST 2019,Fri Dec 27 21:17:35 PST 2019,Sun Jan 26 21:17:35 PST 2020,Sat Dec 28 19:33:27 PST 2019,,,600,100% (1/1),100% (1/1),100% (1/1),32,I choose more complex picture,TRUE,FALSE,FALSE,FALSE,FALSE,FALSE,Nice Experiment,FALSE,TRUE,None,,FALSE,TRUE,FALSE,FALSE,FALSE,TRUE,FALSE,FALSE,TRUE,FALSE,None,,
3SR6AEG6X82V3957C2E78BE0BE1HY6,39QC5AB1WPAYVTZ6HNWHC22F19I4HT,Putting photos in order,Choose which of the two photos is more complex,"image, complexity, ranking",$0.50,Fri Dec 27 21:07:23 PST 2019,55,BatchId:3878914;OriginalHitTemplateId:928390828;,1800,2592000,Sun Jan 26 21:07:23 PST 2020,,,3TAYZSBPLPIWEHNAKDODR5FM08SS2Y,A1CRR9EZ64R0PJ,Approved,Fri Dec 27 21:38:25 PST 2019,Fri Dec 27 21:57:02 PST 2019,Sun Jan 26 21:57:02 PST 2020,Sat Dec 28 19:33:27 PST 2019,,,1117,100% (1/1),100% (1/1),100% (1/1),35,I have decided multi color,FALSE,TRUE,FALSE,FALSE,FALSE,FALSE,Thank You,FALSE,TRUE,NONE,,FALSE,FALSE,TRUE,FALSE,FALSE,TRUE,FALSE,FALSE,TRUE,FALSE,NONE,,
3SR6AEG6X82V3957C2E78BE0BE1HY6,39QC5AB1WPAYVTZ6HNWHC22F19I4HT,Putting photos in order,Choose which of the two photos is more complex,"image, complexity, ranking",$0.50,Fri Dec 27 21:07:23 PST 2019,55,BatchId:3878914;OriginalHitTemplateId:928390828;,1800,2592000,Sun Jan 26 21:07:23 PST 2020,,,3TGOYF9911WLD6OGS2TJCPS24WXUUZ,A30VOAZX8XTNGW,Approved,Fri Dec 27 21:38:25 PST 2019,Fri Dec 27 21:44:10 PST 2019,Sun Jan 26 21:44:10 PST 2020,Sat Dec 28 19:33:28 PST 2019,,,345,100% (4/4),100% (3/3),100% (1/1),55,I choosed pictures which have more objects,FALSE,FALSE,TRUE,FALSE,FALSE,FALSE,,FALSE,TRUE,none,,TRUE,FALSE,FALSE,FALSE,FALSE,TRUE,FALSE,FALSE,TRUE,FALSE,none,,
3SR6AEG6X82V3957C2E78BE0BE1HY6,39QC5AB1WPAYVTZ6HNWHC22F19I4HT,Putting photos in order,Choose which of the two photos is more complex,"image, complexity, ranking",$0.50,Fri Dec 27 21:07:23 PST 2019,55,BatchId:3878914;OriginalHitTemplateId:928390828;,1800,2592000,Sun Jan 26 21:07:23 PST 2020,,,3UWN2HHPU2FS33C36WMXJTIKB3ENSF,A3AUXQWA81IL2A,Approved,Fri Dec 27 21:07:40 PST 2019,Fri Dec 27 21:14:36 PST 2019,Sun Jan 26 21:14:36 PST 2020,Sat Dec 28 19:33:28 PST 2019,,,416,100% (1/1),100% (1/1),100% (1/1),32,looking attractive and bright,FALSE,TRUE,FALSE,FALSE,FALSE,FALSE,nice,FALSE,TRUE,none,,FALSE,TRUE,FALSE,FALSE,FALSE,TRUE,FALSE,FALSE,TRUE,FALSE,none,,
3SR6AEG6X82V3957C2E78BE0BE1HY6,39QC5AB1WPAYVTZ6HNWHC22F19I4HT,Putting photos in order,Choose which of the two photos is more complex,"image, complexity, ranking",$0.50,Fri Dec 27 21:07:23 PST 2019,55,BatchId:3878914;OriginalHitTemplateId:928390828;,1800,2592000,Sun Jan 26 21:07:23 PST 2020,,,3W8CV64QJ69IOSUTUSRTXEGYX3G9HH,A1CE2XPYCDRHVZ,Approved,Fri Dec 27 21:07:47 PST 2019,Fri Dec 27 21:13:26 PST 2019,Sun Jan 26 21:13:26 PST 2020,Sat Dec 28 19:33:28 PST 2019,,,339,100% (1/1),100% (1/1),100% (1/1),43,"I first considered how many different colors were used in the picture, and then how many smaller details there were, like blades of grass or the wrinkles on pairs of underwear.",TRUE,FALSE,FALSE,FALSE,FALSE,FALSE,It made me reconsider what my criteria are for complexity in pictures.,TRUE,FALSE,none,,TRUE,FALSE,FALSE,FALSE,FALSE,TRUE,FALSE,FALSE,TRUE,FALSE,none,,
3SR6AEG6X82V3957C2E78BE0BE1HY6,39QC5AB1WPAYVTZ6HNWHC22F19I4HT,Putting photos in order,Choose which of the two photos is more complex,"image, complexity, ranking",$0.50,Fri Dec 27 21:07:23 PST 2019,55,BatchId:3878914;OriginalHitTemplateId:928390828;,1800,2592000,Sun Jan 26 21:07:23 PST 2020,,,3WSELTNVR7CMYKVTMSMI7SU6EFTTAQ,A1O4AAQX2KCD3N,Approved,Fri Dec 27 21:07:42 PST 2019,Fri Dec 27 21:17:15 PST 2019,Sun Jan 26 21:17:15 PST 2020,Sat Dec 28 19:33:28 PST 2019,,,573,100% (1/1),100% (1/1),100% (1/1),23,I feel some complex for that picture. So i choose one picture. some photos are invisible in that task.Similar photos does not place that task.,TRUE,FALSE,FALSE,FALSE,FALSE,FALSE,Nothing,TRUE,FALSE,none,I have normal vision. I don't know another vision.,FALSE,TRUE,FALSE,FALSE,FALSE,TRUE,FALSE,FALSE,TRUE,FALSE,Some photos are invisible.,,
3SR6AEG6X82V3957C2E78BE0BE1HY6,39QC5AB1WPAYVTZ6HNWHC22F19I4HT,Putting photos in order,Choose which of the two photos is more complex,"image, complexity, ranking",$0.50,Fri Dec 27 21:07:23 PST 2019,55,BatchId:3878914;OriginalHitTemplateId:928390828;,1800,2592000,Sun Jan 26 21:07:23 PST 2020,,,3YMU66OBIRIX32H18YX3PV2L1GBGHF,A1J7B88OY9694M,Approved,Fri Dec 27 21:07:45 PST 2019,Fri Dec 27 21:22:22 PST 2019,Sun Jan 26 21:22:22 PST 2020,Sat Dec 28 19:33:28 PST 2019,,,877,100% (1/1),100% (1/1),100% (1/1),25,Some factors made judgement easily by their count and their classification. Some pictures made complex between two images. i valued the pictures through the probability and number of counts viewed on the images.,TRUE,FALSE,FALSE,FALSE,FALSE,FALSE,Good and interesting.,TRUE,FALSE,None,,FALSE,FALSE,TRUE,FALSE,FALSE,TRUE,FALSE,FALSE,TRUE,FALSE,None,,
3SR6AEG6X82V3957C2E78BE0BE1HY6,39QC5AB1WPAYVTZ6HNWHC22F19I4HT,Putting photos in order,Choose which of the two photos is more complex,"image, complexity, ranking",$0.50,Fri Dec 27 21:07:23 PST 2019,55,BatchId:3878914;OriginalHitTemplateId:928390828;,1800,2592000,Sun Jan 26 21:07:23 PST 2020,,,3Z2R0DQ0JLOV4YISJI482OB7ZHEE2E,A2C59WG3U48S6O,Approved,Fri Dec 27 21:07:46 PST 2019,Fri Dec 27 21:26:49 PST 2019,Sun Jan 26 21:26:49 PST 2020,Sat Dec 28 19:33:28 PST 2019,,,1143,100% (3/3),100% (1/1),100% (1/1),32,"i selected the picture , which one is complected to design",TRUE,FALSE,FALSE,FALSE,FALSE,FALSE,nothing,FALSE,TRUE,none,,FALSE,TRUE,FALSE,FALSE,FALSE,TRUE,FALSE,FALSE,TRUE,FALSE,none,,
3SR6AEG6X82V3957C2E78BE0BE1HY6,39QC5AB1WPAYVTZ6HNWHC22F19I4HT,Putting photos in order,Choose which of the two photos is more complex,"image, complexity, ranking",$0.50,Fri Dec 27 21:07:23 PST 2019,55,BatchId:3878914;OriginalHitTemplateId:928390828;,1800,2592000,Sun Jan 26 21:07:23 PST 2020,,,3ZAZR5XV05S6DB1QCY7RZBLBZE5ZCJ,A1DG4ILSULGPK8,Approved,Fri Dec 27 21:39:06 PST 2019,Fri Dec 27 21:58:27 PST 2019,Sun Jan 26 21:58:27 PST 2020,Sat Dec 28 19:33:28 PST 2019,,,1161,100% (1/1),100% (1/1),100% (1/1),34,I have decided multi color,FALSE,TRUE,FALSE,FALSE,FALSE,FALSE,Thank you,FALSE,TRUE,none,,FALSE,FALSE,TRUE,FALSE,FALSE,TRUE,FALSE,FALSE,TRUE,FALSE,none,,
3SR6AEG6X82V3957C2E78BE0BE1HY6,39QC5AB1WPAYVTZ6HNWHC22F19I4HT,Putting photos in order,Choose which of the two photos is more complex,"image, complexity, ranking",$0.50,Fri Dec 27 21:07:23 PST 2019,55,BatchId:3878914;OriginalHitTemplateId:928390828;,1800,2592000,Sun Jan 26 21:07:23 PST 2020,,,3ZPPDN2SLZ664I3R4RJNCBJL5NO9E1,A2U7U0A4G92GTR,Approved,Fri Dec 27 21:35:09 PST 2019,Fri Dec 27 21:43:04 PST 2019,Sun Jan 26 21:43:04 PST 2020,Sat Dec 28 19:33:28 PST 2019,,,475,100% (1/1),100% (1/1),100% (1/1),25,the clamsy pictures is i select them,TRUE,FALSE,FALSE,FALSE,FALSE,FALSE,good,FALSE,TRUE,none,,FALSE,FALSE,TRUE,FALSE,FALSE,TRUE,FALSE,FALSE,TRUE,FALSE,none,,
3SR6AEG6X82V3957C2E78BE0BE1HY6,39QC5AB1WPAYVTZ6HNWHC22F19I4HT,Putting photos in order,Choose which of the two photos is more complex,"image, complexity, ranking",$0.50,Fri Dec 27 21:07:23 PST 2019,55,BatchId:3878914;OriginalHitTemplateId:928390828;,1800,2592000,Sun Jan 26 21:07:23 PST 2020,,,3ZPPDN2SLZ664I3R4RJNCBJL5NOE96,A3RYO4RE80IJ84,Approved,Fri Dec 27 21:07:48 PST 2019,Fri Dec 27 21:12:51 PST 2019,Sun Jan 26 21:12:51 PST 2020,Sat Dec 28 19:33:29 PST 2019,,,303,100% (2/2),100% (2/2),100% (1/1),30,number of images,TRUE,FALSE,FALSE,FALSE,FALSE,FALSE,,FALSE,TRUE,none,,FALSE,TRUE,FALSE,FALSE,FALSE,TRUE,FALSE,FALSE,TRUE,FALSE,none,,