HITId,HITTypeId,Title,Description,Keywords,Reward,CreationTime,MaxAssignments,RequesterAnnotation,AssignmentDurationInSeconds,AutoApprovalDelayInSeconds,Expiration,NumberOfSimilarHITs,LifetimeInSeconds,AssignmentId,WorkerId,AssignmentStatus,AcceptTime,SubmitTime,AutoApprovalTime,ApprovalTime,RejectionTime,RequesterFeedback,WorkTimeInSeconds,LifetimeApprovalRate,Last30DaysApprovalRate,Last7DaysApprovalRate,Answer.age,Answer.criteria,Answer.education.CollegeGrad,Answer.education.GradSchool,Answer.education.HS,Answer.education.Other school,Answer.education.SomeCollege,Answer.education.SomeGrad,Answer.feedbackForStudy,Answer.gender.female,Answer.gender.male,Answer.limb impairment,Answer.other vision condition,Answer.prevExp.1,Answer.prevExp.2,Answer.prevExp.3,Answer.prevExp.4,Answer.studyLength.1,Answer.studyLength.2,Answer.vision.far-sighted,Answer.vision.near-sighted,Answer.vision.normal,Answer.vision.other vision,Answer.visual impairment,Approve,Reject,
,,,,,,,,,,,,,,,,,,,,,,,,,,,35.1428571428571,,43,23,6,0,21,5,0,32,66,,,58,17,22,1,17,81,3,7,85,3,,,,
3K3IX1W4T90MK85SF98WEYYJR1APAG,3SGI3JPMZ3CY2WT91CI4HVW8VMSFBI,Putting photos in order,Choose which of the two photos is more complex,"image, complexity, ranking",$0.50,Fri Oct 25 20:36:13 PDT 2019,9,BatchId:3814534;OriginalHitTemplateId:928390828;,1800,2592000,Sun Nov 24 19:36:13 PST 2019,,,39ZSFO5CAC6CZQDMG3P55NJR9YCJUR,A2OGID6HB9773,Rejected,Fri Oct 25 20:38:01 PDT 2019,Fri Oct 25 20:44:33 PDT 2019,Sun Nov 24 19:44:33 PST 2019,,Fri Oct 25 20:49:42 PDT 2019,"Thank you very much for your engagement in our image study!  In our instructions, we asked explicitly for how you judge the complexity between two pictures. Unfortunately, we are unable to accept answers like ""none"" ""N/A"" ""good"" ""two pictures"" ""I like this work"" etc. (We are looking for answers like 'I check for organization of the object and density of colors'.) Therefore we are unable to accept or use your results in our study. Nonetheless, we appreciate your interest and participation.",392,0% (0/1),0% (0/1),0% (0/1),30,two pictures,FALSE,TRUE,FALSE,FALSE,FALSE,FALSE,good,FALSE,TRUE,none,,FALSE,FALSE,TRUE,FALSE,TRUE,FALSE,FALSE,FALSE,TRUE,FALSE,none,,,
3K3IX1W4T90MK85SF98WEYYJR1APAG,3SGI3JPMZ3CY2WT91CI4HVW8VMSFBI,Putting photos in order,Choose which of the two photos is more complex,"image, complexity, ranking",$0.50,Fri Oct 25 20:36:13 PDT 2019,9,BatchId:3814534;OriginalHitTemplateId:928390828;,1800,2592000,Sun Nov 24 19:36:13 PST 2019,,,34J10VATJJ8OCMMZHCK0JL72TYHQIH,A2ARNUDI3RU7CH,Rejected,Fri Oct 25 20:36:24 PDT 2019,Fri Oct 25 20:47:37 PDT 2019,Sun Nov 24 19:47:37 PST 2019,,Fri Oct 25 20:52:18 PDT 2019,"Thank you very much for your engagement in our image study!  In our instructions, we asked explicitly for how you judge the complexity between two pictures. Unfortunately, we are unable to accept your answer. We are looking for answers like 'I check for organization of the object and density of colors', and therefore we are unable to accept or use your results in our study. Nonetheless, we appreciate your interest and participation.",673,0% (0/1),0% (0/1),0% (0/1),31,If the funds are adequate the firm can spend more for time. find the picture is difficult.promotion mix,TRUE,FALSE,FALSE,FALSE,FALSE,FALSE,good.,TRUE,FALSE,none,,FALSE,FALSE,TRUE,FALSE,TRUE,FALSE,FALSE,FALSE,TRUE,FALSE,none,,,
3K3IX1W4T90MK85SF98WEYYJR1APAG,3SGI3JPMZ3CY2WT91CI4HVW8VMSFBI,Putting photos in order,Choose which of the two photos is more complex,"image, complexity, ranking",$0.50,Fri Oct 25 20:36:13 PDT 2019,9,BatchId:3814534;OriginalHitTemplateId:928390828;,1800,2592000,Sun Nov 24 19:36:13 PST 2019,,,320DUZ38GBWTU8CRWY0O18I00QXGJO,A15V2Z0JVLFIRS,Rejected,Fri Oct 25 20:36:29 PDT 2019,Fri Oct 25 20:47:50 PDT 2019,Sun Nov 24 19:47:50 PST 2019,,Fri Oct 25 20:50:52 PDT 2019,"Thank you very much for your engagement in our image study!  In our instructions, we asked explicitly for how you judge the complexity between two pictures. Unfortunately, we are unable to accept answers like ""both are different"" ""simple task, easy to complete"" ""I like this work"" etc. (We are looking for answers like 'I check for organization of the object and density of colors'.) Therefore we are unable to accept or use your results in our study. Nonetheless, we appreciate your interest and participation.",681,0% (0/1),0% (0/1),0% (0/1),29,both images are different,FALSE,TRUE,FALSE,FALSE,FALSE,FALSE,nice task,TRUE,FALSE,none,,FALSE,FALSE,TRUE,FALSE,FALSE,TRUE,FALSE,FALSE,TRUE,FALSE,none,,,
3K3IX1W4T90MK85SF98WEYYJR1APAG,3SGI3JPMZ3CY2WT91CI4HVW8VMSFBI,Putting photos in order,Choose which of the two photos is more complex,"image, complexity, ranking",$0.50,Fri Oct 25 20:36:13 PDT 2019,9,BatchId:3814534;OriginalHitTemplateId:928390828;,1800,2592000,Sun Nov 24 19:36:13 PST 2019,,,3YMU66OBIRIX32H18YX3PV2LNYTGHJ,ABVGS2Z9NNGD0,Rejected,Fri Oct 25 20:36:24 PDT 2019,Fri Oct 25 20:49:11 PDT 2019,Sun Nov 24 19:49:11 PST 2019,,Sat Oct 26 19:50:25 PDT 2019,"Thank you very much for your engagement in our image study!  In our instructions, we asked explicitly for how you judge the complexity between two pictures. Unfortunately, we are unable to accept your answer, in which you said ""SOME PICTURES ARE VERY CONFUSING"", because we are not asking for how confused you feel. Therefore we are unable to accept or use your results in our study. Nonetheless, we appreciate your interest and participation.",767,50% (1/2),50% (1/2),50% (1/2),31,SOME PICTURES ARE VERY MUCH CONFUSING,TRUE,FALSE,FALSE,FALSE,FALSE,FALSE,NO COMMENTS,FALSE,TRUE,NONE,,FALSE,TRUE,FALSE,FALSE,FALSE,TRUE,FALSE,FALSE,TRUE,FALSE,NONE,,,
3K3IX1W4T90MK85SF98WEYYJR1APAG,3SGI3JPMZ3CY2WT91CI4HVW8VMSFBI,Putting photos in order,Choose which of the two photos is more complex,"image, complexity, ranking",$0.50,Fri Oct 25 20:36:13 PDT 2019,9,BatchId:3814534;OriginalHitTemplateId:928390828;,1800,2592000,Sun Nov 24 19:36:13 PST 2019,,,3YGXWBAF74RQAED1R5H15F82K1FC4J,ADCYOXSQB2T8L,Rejected,Fri Oct 25 20:36:24 PDT 2019,Fri Oct 25 21:02:17 PDT 2019,Sun Nov 24 20:02:17 PST 2019,,Fri Oct 25 21:08:30 PDT 2019,"Thank you very much for your engagement in our image study!  In our instructions, we asked explicitly for how you judge the complexity between two pictures. Unfortunately, we are unable to accept answers like ""two images are have more different more complexity"", because it does not indicate how you pick one image over another. Nonetheless, we appreciate your interest and participation.",1553,0% (0/2),0% (0/2),0% (0/1),29,two images are have more different more complexity.,FALSE,TRUE,FALSE,FALSE,FALSE,FALSE,interesting task.,TRUE,FALSE,none,,FALSE,FALSE,TRUE,FALSE,FALSE,TRUE,FALSE,TRUE,FALSE,FALSE,none,,,
3K3IX1W4T90MK85SF98WEYYJR1APAG,3SGI3JPMZ3CY2WT91CI4HVW8VMSFBI,Putting photos in order,Choose which of the two photos is more complex,"image, complexity, ranking",$0.50,Fri Oct 25 20:36:13 PDT 2019,9,BatchId:3814534;OriginalHitTemplateId:928390828;,1800,2592000,Sun Nov 24 19:36:13 PST 2019,,,3F1567XTN0FV1LTWDIEN6S8ZA8U9QH,A1KL8QLFQ4YTOL,Rejected,Fri Oct 25 21:06:46 PDT 2019,Fri Oct 25 21:34:18 PDT 2019,Sun Nov 24 20:34:18 PST 2019,,Sat Oct 26 18:01:47 PDT 2019,"Thank you very much for your engagement in our image study!  In our instructions, we asked explicitly for how you judge the complexity between two pictures. Unfortunately, we are unable to accept answers like ""none"" ""N/A"" ""good"" ""images are different"" ""I like this work"" etc. (We are looking for answers like 'I check for organization of the object and density of colors'.) Therefore we are unable to accept or use your results in our study. Nonetheless, we appreciate your interest and participation.",1652,0% (0/1),0% (0/1),0% (0/1),29,both are different image,FALSE,TRUE,FALSE,FALSE,FALSE,FALSE,good task,TRUE,FALSE,none,,FALSE,FALSE,TRUE,FALSE,FALSE,TRUE,FALSE,TRUE,FALSE,FALSE,none,,,
3K3IX1W4T90MK85SF98WEYYJR1APAG,3SGI3JPMZ3CY2WT91CI4HVW8VMSFBI,Putting photos in order,Choose which of the two photos is more complex,"image, complexity, ranking",$0.50,Fri Oct 25 20:36:13 PDT 2019,9,BatchId:3814534;OriginalHitTemplateId:928390828;,1800,2592000,Sun Nov 24 19:36:13 PST 2019,,,337RC3OW09CI7VQMOEBNHOY2RUQLVK,A3P04JZJNOYILR,Approved,Fri Oct 25 20:36:20 PDT 2019,Fri Oct 25 20:42:13 PDT 2019,Sun Nov 24 19:42:13 PST 2019,Fri Oct 25 21:09:12 PDT 2019,,,353,100% (1/1),100% (1/1),100% (1/1),35,I selected picture on the base of the picture which is more difficult to tell  a concept,FALSE,FALSE,TRUE,FALSE,FALSE,FALSE,no,FALSE,TRUE,none,,FALSE,TRUE,FALSE,FALSE,FALSE,TRUE,FALSE,FALSE,TRUE,FALSE,nine,,,
3K3IX1W4T90MK85SF98WEYYJR1APAG,3SGI3JPMZ3CY2WT91CI4HVW8VMSFBI,Putting photos in order,Choose which of the two photos is more complex,"image, complexity, ranking",$0.50,Fri Oct 25 20:36:13 PDT 2019,9,BatchId:3814534;OriginalHitTemplateId:928390828;,1800,2592000,Sun Nov 24 19:36:13 PST 2019,,,3137ONMDKKFLJSQZIXPX4S58VI1EG1,A3FVJMNU6SUGYU,Approved,Fri Oct 25 20:36:21 PDT 2019,Fri Oct 25 20:44:46 PDT 2019,Sun Nov 24 19:44:46 PST 2019,Fri Oct 25 21:08:44 PDT 2019,,,505,100% (1/1),100% (1/1),100% (1/1),34,I choose the picture as more complex depends on the density of various unorganized materials or things aggregated.,TRUE,FALSE,FALSE,FALSE,FALSE,FALSE,Nope,TRUE,FALSE,none,,FALSE,TRUE,FALSE,FALSE,FALSE,TRUE,FALSE,FALSE,TRUE,FALSE,none,,,
3K3IX1W4T90MK85SF98WEYYJR1APAG,3SGI3JPMZ3CY2WT91CI4HVW8VMSFBI,Putting photos in order,Choose which of the two photos is more complex,"image, complexity, ranking",$0.50,Fri Oct 25 20:36:13 PDT 2019,9,BatchId:3814534;OriginalHitTemplateId:928390828;,1800,2592000,Sun Nov 24 19:36:13 PST 2019,,,3PS7W85Z83C8T1LOUM8IBXJMUFTT9F,A3FI3B2Y2R278B,Approved,Fri Oct 25 20:36:24 PDT 2019,Fri Oct 25 20:50:07 PDT 2019,Sun Nov 24 19:50:07 PST 2019,Fri Oct 25 21:09:22 PDT 2019,,,823,100% (2/2),100% (2/2),100% (2/2),25,"COMPARING BOTH PICTURES, ONE IMAGE IS BLURRY OR COMPLEX THAN ANOTHER IMAGE.",TRUE,FALSE,FALSE,FALSE,FALSE,FALSE,GOOD,FALSE,TRUE,NONE,,TRUE,FALSE,FALSE,FALSE,TRUE,FALSE,TRUE,FALSE,FALSE,FALSE,NONE,,,
3MDKGGG62TWJPYMW6D0433XUKPM6T1,35HI3XJLWMD4X869XTGN4NP9FJK7CO,Putting photos in order,Choose which of the two photos is more complex,"image, complexity, ranking",$0.50,Mon Oct 28 14:13:21 PDT 2019,89,BatchId:3816536;OriginalHitTemplateId:928390828;,1800,2592000,Wed Nov 27 13:13:21 PST 2019,,,30OG32W0SYLRTK7L512SUCE5W8WNEJ,A355AKNHYKLVMD,Approved,Mon Oct 28 14:47:16 PDT 2019,Mon Oct 28 14:57:30 PDT 2019,Wed Nov 27 13:57:30 PST 2019,Mon Oct 28 19:42:56 PDT 2019,,,614,100% (1/1),100% (1/1),100% (1/1),22,"I think the amount of texture and differences in colors/shapes in the images influenced my choices, a heavily textures image is more complex to me than a smooth flat image that's more of a solid color.",FALSE,FALSE,FALSE,FALSE,TRUE,FALSE,None,TRUE,FALSE,none,,TRUE,FALSE,FALSE,FALSE,FALSE,TRUE,FALSE,FALSE,TRUE,FALSE,none,,,
3MDKGGG62TWJPYMW6D0433XUKPM6T1,35HI3XJLWMD4X869XTGN4NP9FJK7CO,Putting photos in order,Choose which of the two photos is more complex,"image, complexity, ranking",$0.50,Mon Oct 28 14:13:21 PDT 2019,89,BatchId:3816536;OriginalHitTemplateId:928390828;,1800,2592000,Wed Nov 27 13:13:21 PST 2019,,,31HQ4X3T3WK2F39IUJ6I61EVS3VLS4,A1DNJ17PE2RYJZ,Approved,Mon Oct 28 14:13:28 PDT 2019,Mon Oct 28 14:41:41 PDT 2019,Wed Nov 27 13:41:41 PST 2019,Mon Oct 28 19:42:56 PDT 2019,,,1693,100% (2/2),100% (2/2),100% (2/2),66,"the number of components of the picture I could identify. This including the many parts of the ""weaving."" I think I tended to favor colored components",FALSE,TRUE,FALSE,FALSE,FALSE,FALSE,no,FALSE,TRUE,none,,TRUE,FALSE,FALSE,FALSE,FALSE,TRUE,FALSE,FALSE,TRUE,FALSE,none,,,
3MDKGGG62TWJPYMW6D0433XUKPM6T1,35HI3XJLWMD4X869XTGN4NP9FJK7CO,Putting photos in order,Choose which of the two photos is more complex,"image, complexity, ranking",$0.50,Mon Oct 28 14:13:21 PDT 2019,89,BatchId:3816536;OriginalHitTemplateId:928390828;,1800,2592000,Wed Nov 27 13:13:21 PST 2019,,,31JLPPHS2Y4617R0HWL9QAADVTB3ON,A18XFOKU5G1OL1,Approved,Mon Oct 28 15:45:03 PDT 2019,Mon Oct 28 16:06:52 PDT 2019,Wed Nov 27 15:06:52 PST 2019,Mon Oct 28 19:42:56 PDT 2019,,,1309,100% (1/1),100% (1/1),100% (1/1),33,the more detail and pixels I considered more complex,FALSE,FALSE,TRUE,FALSE,FALSE,FALSE,thanks,FALSE,TRUE,none,,TRUE,FALSE,FALSE,FALSE,FALSE,TRUE,FALSE,FALSE,TRUE,FALSE,none,,,
3MDKGGG62TWJPYMW6D0433XUKPM6T1,35HI3XJLWMD4X869XTGN4NP9FJK7CO,Putting photos in order,Choose which of the two photos is more complex,"image, complexity, ranking",$0.50,Mon Oct 28 14:13:21 PDT 2019,89,BatchId:3816536;OriginalHitTemplateId:928390828;,1800,2592000,Wed Nov 27 13:13:21 PST 2019,,,324G5B4FB7I3Z904HNMODQQB2RB70Y,A2NU5FKG1M1VG4,Rejected,Mon Oct 28 14:23:22 PDT 2019,Mon Oct 28 14:35:31 PDT 2019,Wed Nov 27 13:35:31 PST 2019,,Mon Oct 28 19:32:55 PDT 2019,"Thank you very much for your engagement in our image study!  In our instructions, we asked you explicitly to elaborate how you judge the complexity between two pictures. Unfortunately, we are unable to accept your answer, in which you said ""OBJECTS IN IMAGE"". Nonetheless, we appreciate your interest and participation.",729,0% (0/1),0% (0/1),0% (0/1),28,OBJECTS IN IMAGE,TRUE,FALSE,FALSE,FALSE,FALSE,FALSE,GOOD TASK,FALSE,TRUE,NONE,,FALSE,FALSE,TRUE,FALSE,FALSE,TRUE,FALSE,FALSE,TRUE,FALSE,NONE,,,
3MDKGGG62TWJPYMW6D0433XUKPM6T1,35HI3XJLWMD4X869XTGN4NP9FJK7CO,Putting photos in order,Choose which of the two photos is more complex,"image, complexity, ranking",$0.50,Mon Oct 28 14:13:21 PDT 2019,89,BatchId:3816536;OriginalHitTemplateId:928390828;,1800,2592000,Wed Nov 27 13:13:21 PST 2019,,,32M8BPYGAXWXZXSLEGFOP730NPVIGT,A2HITRHQ441VHA,Rejected,Mon Oct 28 15:27:03 PDT 2019,Mon Oct 28 15:47:27 PDT 2019,Wed Nov 27 14:47:27 PST 2019,,Mon Oct 28 16:14:31 PDT 2019,"Thank you very much for your engagement in our image study!  In our instructions, we asked you explicitly to elaborate how you judge the complexity between two pictures. Unfortunately, we are unable to accept your answer, in which you said ""according to picture complexity"". Therefore we are unable to accept or use your results in our study. Nonetheless, we appreciate your interest and participation.",1224,33% (1/3),33% (1/3),0% (0/1),31,according to picture complexity,FALSE,TRUE,FALSE,FALSE,FALSE,FALSE,nice,FALSE,TRUE,none,,TRUE,FALSE,FALSE,FALSE,FALSE,TRUE,FALSE,FALSE,TRUE,FALSE,none,,,
3MDKGGG62TWJPYMW6D0433XUKPM6T1,35HI3XJLWMD4X869XTGN4NP9FJK7CO,Putting photos in order,Choose which of the two photos is more complex,"image, complexity, ranking",$0.50,Mon Oct 28 14:13:21 PDT 2019,89,BatchId:3816536;OriginalHitTemplateId:928390828;,1800,2592000,Wed Nov 27 13:13:21 PST 2019,,,33PPO7FECZPUNDIUCQEGJM03AX2DI1,A36O6HV8LCXLJR,Approved,Mon Oct 28 14:49:58 PDT 2019,Mon Oct 28 15:04:35 PDT 2019,Wed Nov 27 14:04:35 PST 2019,Mon Oct 28 19:42:56 PDT 2019,,,877,100% (1/1),100% (1/1),100% (1/1),68,"The more elements (color, shape, texture) the more complex. Some were also more random looking which I considered more complex.",TRUE,FALSE,FALSE,FALSE,FALSE,FALSE,"No, but I was required to enter something.",FALSE,TRUE,none,,FALSE,TRUE,FALSE,FALSE,FALSE,TRUE,FALSE,FALSE,TRUE,FALSE,none,,,
3MDKGGG62TWJPYMW6D0433XUKPM6T1,35HI3XJLWMD4X869XTGN4NP9FJK7CO,Putting photos in order,Choose which of the two photos is more complex,"image, complexity, ranking",$0.50,Mon Oct 28 14:13:21 PDT 2019,89,BatchId:3816536;OriginalHitTemplateId:928390828;,1800,2592000,Wed Nov 27 13:13:21 PST 2019,,,33UKMF931DURDGU2SSDZ2XKYOZVTT4,A2INXY39KBM92F,Approved,Mon Oct 28 14:13:31 PDT 2019,Mon Oct 28 14:24:50 PDT 2019,Wed Nov 27 13:24:50 PST 2019,Mon Oct 28 19:42:56 PDT 2019,,,679,100% (1/1),100% (1/1),100% (1/1),31,"I thought about whether patterns existed and also how much biological life can be seen in the photo. More biological life (ie: flowers, etc) the more complex.",FALSE,FALSE,TRUE,FALSE,FALSE,FALSE,No feedback,FALSE,TRUE,none,,TRUE,FALSE,FALSE,FALSE,FALSE,TRUE,FALSE,FALSE,TRUE,FALSE,none,,,
3MDKGGG62TWJPYMW6D0433XUKPM6T1,35HI3XJLWMD4X869XTGN4NP9FJK7CO,Putting photos in order,Choose which of the two photos is more complex,"image, complexity, ranking",$0.50,Mon Oct 28 14:13:21 PDT 2019,89,BatchId:3816536;OriginalHitTemplateId:928390828;,1800,2592000,Wed Nov 27 13:13:21 PST 2019,,,345LHZDED121ECBXDIXIPG22DEQ3UP,AA5ZDXAA2DLY1,Approved,Mon Oct 28 14:43:50 PDT 2019,Mon Oct 28 14:51:45 PDT 2019,Wed Nov 27 13:51:45 PST 2019,Mon Oct 28 19:42:57 PDT 2019,,,475,100% (1/1),100% (1/1),100% (1/1),37,"I found the images that had more color to be more complex.  Also those that had very intricate patterns or designs were more complex than those with simple patterns.  Finally, those that looked very messy and disorganized looked more complex than those that were very orderly.",FALSE,FALSE,FALSE,FALSE,TRUE,FALSE,I can't think of anything that I would change.,TRUE,FALSE,none,,TRUE,FALSE,FALSE,FALSE,FALSE,TRUE,FALSE,FALSE,TRUE,FALSE,none,,,
3MDKGGG62TWJPYMW6D0433XUKPM6T1,35HI3XJLWMD4X869XTGN4NP9FJK7CO,Putting photos in order,Choose which of the two photos is more complex,"image, complexity, ranking",$0.50,Mon Oct 28 14:13:21 PDT 2019,89,BatchId:3816536;OriginalHitTemplateId:928390828;,1800,2592000,Wed Nov 27 13:13:21 PST 2019,,,34PGFRQONSLPRU2RB346NB4OUSRJWM,AE0X131JOSOTA,Approved,Mon Oct 28 14:29:13 PDT 2019,Mon Oct 28 14:41:39 PDT 2019,Wed Nov 27 13:41:39 PST 2019,Mon Oct 28 19:42:57 PDT 2019,,,746,100% (1/1),100% (1/1),100% (1/1),31,"The details in the image, the colors, the artifacts. It's something abstract for me, but i think that's it.",FALSE,FALSE,FALSE,FALSE,TRUE,FALSE,No.,FALSE,TRUE,none,,TRUE,FALSE,FALSE,FALSE,FALSE,TRUE,FALSE,FALSE,TRUE,FALSE,none,,,
3MDKGGG62TWJPYMW6D0433XUKPM6T1,35HI3XJLWMD4X869XTGN4NP9FJK7CO,Putting photos in order,Choose which of the two photos is more complex,"image, complexity, ranking",$0.50,Mon Oct 28 14:13:21 PDT 2019,89,BatchId:3816536;OriginalHitTemplateId:928390828;,1800,2592000,Wed Nov 27 13:13:21 PST 2019,,,34S9DKFK77ZPZPOC52EM1F6LEJRYNX,A1YFVXP4A1CXSF,Approved,Mon Oct 28 14:14:20 PDT 2019,Mon Oct 28 14:38:06 PDT 2019,Wed Nov 27 13:38:06 PST 2019,Mon Oct 28 19:42:57 PDT 2019,,,1426,100% (1/1),100% (1/1),100% (1/1),38,"I looked at the pictures and decided the complexity based on how I compared them to each other and what they were made out of, in comparison, t oeach other. Some of the pictures, I felt, were more solid than the other ones.",FALSE,FALSE,FALSE,FALSE,TRUE,FALSE,none,TRUE,FALSE,none,20/20,TRUE,FALSE,FALSE,FALSE,FALSE,TRUE,FALSE,FALSE,TRUE,FALSE,none,,,
3MDKGGG62TWJPYMW6D0433XUKPM6T1,35HI3XJLWMD4X869XTGN4NP9FJK7CO,Putting photos in order,Choose which of the two photos is more complex,"image, complexity, ranking",$0.50,Mon Oct 28 14:13:21 PDT 2019,89,BatchId:3816536;OriginalHitTemplateId:928390828;,1800,2592000,Wed Nov 27 13:13:21 PST 2019,,,34V1S5K3GWB2R3ACY90P0NR8AKI697,A2OC4PZXSR522W,Approved,Mon Oct 28 14:31:24 PDT 2019,Mon Oct 28 14:57:57 PDT 2019,Wed Nov 27 13:57:57 PST 2019,Mon Oct 28 19:42:57 PDT 2019,,,1593,100% (2/2),100% (2/2),100% (2/2),47,"I though about what the picture was and if it was alive or not, I also found myself changing my preference , changing my understanding of what the word complex means, mostly if it was more alive I considered it more comlex",TRUE,FALSE,FALSE,FALSE,FALSE,FALSE,thanks,FALSE,TRUE,hand injury,,FALSE,TRUE,FALSE,FALSE,FALSE,TRUE,FALSE,FALSE,TRUE,FALSE,none,,,
3MDKGGG62TWJPYMW6D0433XUKPM6T1,35HI3XJLWMD4X869XTGN4NP9FJK7CO,Putting photos in order,Choose which of the two photos is more complex,"image, complexity, ranking",$0.50,Mon Oct 28 14:13:21 PDT 2019,89,BatchId:3816536;OriginalHitTemplateId:928390828;,1800,2592000,Wed Nov 27 13:13:21 PST 2019,,,351SEKWQS4RGJW8LX5C8BF7KR5BMDD,A16SAB417Y96G4,Approved,Mon Oct 28 14:13:35 PDT 2019,Mon Oct 28 14:29:17 PDT 2019,Wed Nov 27 13:29:17 PST 2019,Mon Oct 28 19:42:57 PDT 2019,,,942,100% (1/1),100% (1/1),100% (1/1),31,Just went with my gut,TRUE,FALSE,FALSE,FALSE,FALSE,FALSE,none,FALSE,TRUE,none,,TRUE,FALSE,FALSE,FALSE,FALSE,TRUE,FALSE,FALSE,TRUE,FALSE,none,,,
3MDKGGG62TWJPYMW6D0433XUKPM6T1,35HI3XJLWMD4X869XTGN4NP9FJK7CO,Putting photos in order,Choose which of the two photos is more complex,"image, complexity, ranking",$0.50,Mon Oct 28 14:13:21 PDT 2019,89,BatchId:3816536;OriginalHitTemplateId:928390828;,1800,2592000,Wed Nov 27 13:13:21 PST 2019,,,352YTHGROZNHRMOHDXV2G65IX6K4HA,A27A3Z6J7745DI,Approved,Mon Oct 28 14:32:37 PDT 2019,Mon Oct 28 14:50:05 PDT 2019,Wed Nov 27 13:50:05 PST 2019,Mon Oct 28 19:42:57 PDT 2019,,,1048,100% (1/1),100% (1/1),100% (1/1),32,"I chose whichever had the most going on, the most colors and the most textures.",FALSE,FALSE,FALSE,FALSE,TRUE,FALSE,None,TRUE,FALSE,none,,FALSE,TRUE,FALSE,FALSE,FALSE,TRUE,FALSE,FALSE,TRUE,FALSE,none,,,
3MDKGGG62TWJPYMW6D0433XUKPM6T1,35HI3XJLWMD4X869XTGN4NP9FJK7CO,Putting photos in order,Choose which of the two photos is more complex,"image, complexity, ranking",$0.50,Mon Oct 28 14:13:21 PDT 2019,89,BatchId:3816536;OriginalHitTemplateId:928390828;,1800,2592000,Wed Nov 27 13:13:21 PST 2019,,,382M9COHELP4OARU22EE876Z44YEUB,AJFVK3O1D7SPE,Approved,Mon Oct 28 15:12:52 PDT 2019,Mon Oct 28 15:19:19 PDT 2019,Wed Nov 27 14:19:19 PST 2019,Mon Oct 28 19:42:57 PDT 2019,,,387,100% (1/1),100% (1/1),100% (1/1),38,"Color had a huge influence and then I think texture, whether there were different textures in the photo. Then just lines, like which photo had more complex and varied lines.",FALSE,FALSE,FALSE,FALSE,TRUE,FALSE,No specific feedback. The activity ran smoothly. :),TRUE,FALSE,none,,FALSE,TRUE,FALSE,FALSE,FALSE,TRUE,FALSE,FALSE,TRUE,FALSE,none,,,
3MDKGGG62TWJPYMW6D0433XUKPM6T1,35HI3XJLWMD4X869XTGN4NP9FJK7CO,Putting photos in order,Choose which of the two photos is more complex,"image, complexity, ranking",$0.50,Mon Oct 28 14:13:21 PDT 2019,89,BatchId:3816536;OriginalHitTemplateId:928390828;,1800,2592000,Wed Nov 27 13:13:21 PST 2019,,,38BQUHLA90A7NTZANEQOM9JJVJIOMC,A2I0ANKY20XQRX,Approved,Mon Oct 28 14:29:24 PDT 2019,Mon Oct 28 14:39:41 PDT 2019,Wed Nov 27 13:39:41 PST 2019,Mon Oct 28 19:42:58 PDT 2019,,,617,100% (1/1),100% (1/1),100% (1/1),43,"I considered the items that made up the image and decided whether those items were complex or simple. I also considered the color combination. The more colors an image has, the more complex I considered it to be.",TRUE,FALSE,FALSE,FALSE,FALSE,FALSE,I enjoyed taking the survey and viewing the pictures.,FALSE,TRUE,none,,TRUE,FALSE,FALSE,FALSE,FALSE,TRUE,FALSE,FALSE,TRUE,FALSE,none,,,
3MDKGGG62TWJPYMW6D0433XUKPM6T1,35HI3XJLWMD4X869XTGN4NP9FJK7CO,Putting photos in order,Choose which of the two photos is more complex,"image, complexity, ranking",$0.50,Mon Oct 28 14:13:21 PDT 2019,89,BatchId:3816536;OriginalHitTemplateId:928390828;,1800,2592000,Wed Nov 27 13:13:21 PST 2019,,,39GAF6DQWVA5HOMIV4T4X9POT1L1VK,A3UDNIK63I8VH1,Approved,Mon Oct 28 14:13:35 PDT 2019,Mon Oct 28 14:25:24 PDT 2019,Wed Nov 27 13:25:24 PST 2019,Mon Oct 28 19:42:58 PDT 2019,,,709,100% (2/2),100% (2/2),100% (1/1),25,The amount of details on the image.,FALSE,FALSE,FALSE,FALSE,TRUE,FALSE,No.,FALSE,TRUE,none,,FALSE,FALSE,TRUE,FALSE,FALSE,TRUE,FALSE,FALSE,TRUE,FALSE,none,,,
3MDKGGG62TWJPYMW6D0433XUKPM6T1,35HI3XJLWMD4X869XTGN4NP9FJK7CO,Putting photos in order,Choose which of the two photos is more complex,"image, complexity, ranking",$0.50,Mon Oct 28 14:13:21 PDT 2019,89,BatchId:3816536;OriginalHitTemplateId:928390828;,1800,2592000,Wed Nov 27 13:13:21 PST 2019,,,39PAAFCODQA6Q8YRXNDE3F8JLKBTVK,A2WVCXVSE0YGML,Approved,Mon Oct 28 14:13:32 PDT 2019,Mon Oct 28 14:33:36 PDT 2019,Wed Nov 27 13:33:36 PST 2019,Mon Oct 28 19:42:58 PDT 2019,,,1204,100% (2/2),100% (2/2),100% (1/1),35,"I focused mostly on textures and a little bit on color. In terms of textures, the finer the texture, the more I thought it was complex. In terms of color, I tried to focus on the varieties of colors.",TRUE,FALSE,FALSE,FALSE,FALSE,FALSE,"Everything worked correctly and the website loaded right up, best of luck with your study!",FALSE,TRUE,none.,,TRUE,FALSE,FALSE,FALSE,FALSE,TRUE,FALSE,FALSE,TRUE,FALSE,none.,,,
3MDKGGG62TWJPYMW6D0433XUKPM6T1,35HI3XJLWMD4X869XTGN4NP9FJK7CO,Putting photos in order,Choose which of the two photos is more complex,"image, complexity, ranking",$0.50,Mon Oct 28 14:13:21 PDT 2019,89,BatchId:3816536;OriginalHitTemplateId:928390828;,1800,2592000,Wed Nov 27 13:13:21 PST 2019,,,3AMYWKA6YFW5YQEI0YJ7XDMX5J46OL,A230GPTWWF3SE7,Approved,Mon Oct 28 14:44:14 PDT 2019,Mon Oct 28 14:56:53 PDT 2019,Wed Nov 27 13:56:53 PST 2019,Mon Oct 28 19:42:58 PDT 2019,,,759,100% (2/2),100% (2/2),100% (2/2),28,"More colors or patterns, mostly.",TRUE,FALSE,FALSE,FALSE,FALSE,FALSE,none,TRUE,FALSE,none,,FALSE,TRUE,FALSE,FALSE,FALSE,TRUE,FALSE,FALSE,TRUE,FALSE,none,,,
3MDKGGG62TWJPYMW6D0433XUKPM6T1,35HI3XJLWMD4X869XTGN4NP9FJK7CO,Putting photos in order,Choose which of the two photos is more complex,"image, complexity, ranking",$0.50,Mon Oct 28 14:13:21 PDT 2019,89,BatchId:3816536;OriginalHitTemplateId:928390828;,1800,2592000,Wed Nov 27 13:13:21 PST 2019,,,3ATTHHXXWEY8LJNB3QFSDT3VQFDIX7,AV7HDMX9AEEA1,Approved,Mon Oct 28 14:45:21 PDT 2019,Mon Oct 28 14:49:13 PDT 2019,Wed Nov 27 13:49:13 PST 2019,Mon Oct 28 19:42:58 PDT 2019,,,232,100% (1/1),100% (1/1),100% (1/1),27,I chose the image with the most going on in it and with more colors and pieces to it.,TRUE,FALSE,FALSE,FALSE,FALSE,FALSE,"I have no feedback, there was no problems taking this survey",FALSE,TRUE,none,,FALSE,FALSE,TRUE,FALSE,FALSE,TRUE,FALSE,FALSE,TRUE,FALSE,none,,,
3MDKGGG62TWJPYMW6D0433XUKPM6T1,35HI3XJLWMD4X869XTGN4NP9FJK7CO,Putting photos in order,Choose which of the two photos is more complex,"image, complexity, ranking",$0.50,Mon Oct 28 14:13:21 PDT 2019,89,BatchId:3816536;OriginalHitTemplateId:928390828;,1800,2592000,Wed Nov 27 13:13:21 PST 2019,,,3B2X28YI30PLFWP9WTELRTMYYKL6BH,A3JLE2LJ5I17E2,Approved,Mon Oct 28 14:13:31 PDT 2019,Mon Oct 28 14:30:13 PDT 2019,Wed Nov 27 13:30:13 PST 2019,Mon Oct 28 19:42:58 PDT 2019,,,1002,100% (1/1),100% (1/1),100% (1/1),25,I think the pattern of the soil.,FALSE,TRUE,FALSE,FALSE,FALSE,FALSE,I think it was fine.,FALSE,TRUE,none,,TRUE,FALSE,FALSE,FALSE,FALSE,TRUE,FALSE,FALSE,TRUE,FALSE,none,,,
3MDKGGG62TWJPYMW6D0433XUKPM6T1,35HI3XJLWMD4X869XTGN4NP9FJK7CO,Putting photos in order,Choose which of the two photos is more complex,"image, complexity, ranking",$0.50,Mon Oct 28 14:13:21 PDT 2019,89,BatchId:3816536;OriginalHitTemplateId:928390828;,1800,2592000,Wed Nov 27 13:13:21 PST 2019,,,3B4YI393VD6PJG48ES3JINSQKYRSSF,A1KUYDFB4IDS2S,Approved,Mon Oct 28 15:27:01 PDT 2019,Mon Oct 28 15:38:40 PDT 2019,Wed Nov 27 14:38:40 PST 2019,Mon Oct 28 19:42:58 PDT 2019,,,699,100% (2/2),100% (2/2),100% (2/2),30,I TERM AS COMPLEX THOSE IMAGES THAT CAN NOT BE EASILY REPRODUCE AND ALSO THOSE THAT DO NOT OCCUR NATURALLY.,FALSE,FALSE,TRUE,FALSE,FALSE,FALSE,I DO NOT THINK SO.,FALSE,TRUE,NONE,,TRUE,FALSE,FALSE,FALSE,FALSE,TRUE,FALSE,FALSE,TRUE,FALSE,NONE,,,
3MDKGGG62TWJPYMW6D0433XUKPM6T1,35HI3XJLWMD4X869XTGN4NP9FJK7CO,Putting photos in order,Choose which of the two photos is more complex,"image, complexity, ranking",$0.50,Mon Oct 28 14:13:21 PDT 2019,89,BatchId:3816536;OriginalHitTemplateId:928390828;,1800,2592000,Wed Nov 27 13:13:21 PST 2019,,,3BEFOD78WA33J0PS4UBF8BDEESIM40,A2Q4Z6CADBW6WD,Approved,Mon Oct 28 14:13:31 PDT 2019,Mon Oct 28 14:17:47 PDT 2019,Wed Nov 27 13:17:47 PST 2019,Mon Oct 28 19:42:58 PDT 2019,,,256,100% (1/1),100% (1/1),100% (1/1),34,I mostly based my decision on how many different object or patterns I noticed within the picture.,TRUE,FALSE,FALSE,FALSE,FALSE,FALSE,none.,FALSE,TRUE,none,,FALSE,TRUE,FALSE,FALSE,FALSE,TRUE,FALSE,FALSE,TRUE,FALSE,none,,,
3MDKGGG62TWJPYMW6D0433XUKPM6T1,35HI3XJLWMD4X869XTGN4NP9FJK7CO,Putting photos in order,Choose which of the two photos is more complex,"image, complexity, ranking",$0.50,Mon Oct 28 14:13:21 PDT 2019,89,BatchId:3816536;OriginalHitTemplateId:928390828;,1800,2592000,Wed Nov 27 13:13:21 PST 2019,,,3D3VGR7TA4P9YKJG9O2DK5FI6G6R3V,A3JC5R5HMP1XSA,Rejected,Mon Oct 28 15:20:28 PDT 2019,Mon Oct 28 15:24:56 PDT 2019,Wed Nov 27 14:24:56 PST 2019,,Mon Oct 28 19:26:59 PDT 2019,"Thank you very much for your engagement in our image study!  In our instructions, we asked explicitly for how you judge the complexity between two pictures. Unfortunately, we are unable to accept your answer as it does not reflect what we asked for. Nonetheless, we appreciate your interest and participation.",268,0% (0/2),0% (0/2),0% (0/1),31,in my view sand low image is more complex than sand high image,TRUE,FALSE,FALSE,FALSE,FALSE,FALSE,nice survey,FALSE,TRUE,none,,FALSE,FALSE,TRUE,FALSE,FALSE,TRUE,FALSE,FALSE,TRUE,FALSE,none,,,
3MDKGGG62TWJPYMW6D0433XUKPM6T1,35HI3XJLWMD4X869XTGN4NP9FJK7CO,Putting photos in order,Choose which of the two photos is more complex,"image, complexity, ranking",$0.50,Mon Oct 28 14:13:21 PDT 2019,89,BatchId:3816536;OriginalHitTemplateId:928390828;,1800,2592000,Wed Nov 27 13:13:21 PST 2019,,,3D3VGR7TA4P9YKJG9O2DK5FI6GV3RW,A24JKHC4HTY6CD,Rejected,Mon Oct 28 14:44:27 PDT 2019,Mon Oct 28 15:08:30 PDT 2019,Wed Nov 27 14:08:30 PST 2019,,Mon Oct 28 15:20:52 PDT 2019,"Thank you very much for your engagement in our image study!  In our instructions, we asked explicitly for how you judge the complexity between two pictures. Unfortunately, we are unable to accept your answers, because we are not asking for WHAT you did in the comparison task (we asked HOW you did it). Therefore we are unable to accept or use your results in our study. Nonetheless, we appreciate your interest and participation.",1443,50% (1/2),50% (1/2),50% (1/2),32,according to complexity of the image,FALSE,TRUE,FALSE,FALSE,FALSE,FALSE,interesting,FALSE,TRUE,none,,TRUE,FALSE,FALSE,FALSE,FALSE,TRUE,FALSE,FALSE,TRUE,FALSE,none,,,
3MDKGGG62TWJPYMW6D0433XUKPM6T1,35HI3XJLWMD4X869XTGN4NP9FJK7CO,Putting photos in order,Choose which of the two photos is more complex,"image, complexity, ranking",$0.50,Mon Oct 28 14:13:21 PDT 2019,89,BatchId:3816536;OriginalHitTemplateId:928390828;,1800,2592000,Wed Nov 27 13:13:21 PST 2019,,,3DH6GAKTY2ZJGE2V8QPGW2DUOXZYZE,A2GL4H2GRVX15O,Approved,Mon Oct 28 14:44:14 PDT 2019,Mon Oct 28 14:53:24 PDT 2019,Wed Nov 27 13:53:24 PST 2019,Mon Oct 28 19:42:59 PDT 2019,,,550,100% (2/2),100% (2/2),100% (1/1),34,"the color, best view of a scene and achieve harmony between its elements",TRUE,FALSE,FALSE,FALSE,FALSE,FALSE,thanks,FALSE,TRUE,none,,TRUE,FALSE,FALSE,FALSE,FALSE,TRUE,FALSE,FALSE,TRUE,FALSE,none,,,
3MDKGGG62TWJPYMW6D0433XUKPM6T1,35HI3XJLWMD4X869XTGN4NP9FJK7CO,Putting photos in order,Choose which of the two photos is more complex,"image, complexity, ranking",$0.50,Mon Oct 28 14:13:21 PDT 2019,89,BatchId:3816536;OriginalHitTemplateId:928390828;,1800,2592000,Wed Nov 27 13:13:21 PST 2019,,,3DI28L7YXEOOFD0W0E4UX512T6I1EE,A30UE6DWFNUCWX,Approved,Mon Oct 28 14:13:31 PDT 2019,Mon Oct 28 14:37:44 PDT 2019,Wed Nov 27 13:37:44 PST 2019,Mon Oct 28 19:42:59 PDT 2019,,,1453,100% (1/1),100% (1/1),100% (1/1),31,the texture of the picture,FALSE,FALSE,FALSE,FALSE,FALSE,TRUE,it was fun thanks so much,TRUE,FALSE,none,,TRUE,FALSE,FALSE,FALSE,FALSE,TRUE,FALSE,FALSE,TRUE,FALSE,none,,,
3MDKGGG62TWJPYMW6D0433XUKPM6T1,35HI3XJLWMD4X869XTGN4NP9FJK7CO,Putting photos in order,Choose which of the two photos is more complex,"image, complexity, ranking",$0.50,Mon Oct 28 14:13:21 PDT 2019,89,BatchId:3816536;OriginalHitTemplateId:928390828;,1800,2592000,Wed Nov 27 13:13:21 PST 2019,,,3DIP6YHAPG26QDKHZZD9CFOA7CP8E6,A2MX5YW3DSQ61W,Approved,Mon Oct 28 14:50:50 PDT 2019,Mon Oct 28 14:58:29 PDT 2019,Wed Nov 27 13:58:29 PST 2019,Mon Oct 28 19:42:59 PDT 2019,,,459,100% (1/1),100% (1/1),100% (1/1),42,The photos that had more details are the most complex for me.,FALSE,FALSE,FALSE,FALSE,TRUE,FALSE,NONE,TRUE,FALSE,none,,TRUE,FALSE,FALSE,FALSE,FALSE,TRUE,FALSE,FALSE,TRUE,FALSE,none,,,
3MDKGGG62TWJPYMW6D0433XUKPM6T1,35HI3XJLWMD4X869XTGN4NP9FJK7CO,Putting photos in order,Choose which of the two photos is more complex,"image, complexity, ranking",$0.50,Mon Oct 28 14:13:21 PDT 2019,89,BatchId:3816536;OriginalHitTemplateId:928390828;,1800,2592000,Wed Nov 27 13:13:21 PST 2019,,,3EA3QWIZ4M5142ERYGEVOQIPDJPITO,A369HDC6T90Q1H,Approved,Mon Oct 28 14:45:16 PDT 2019,Mon Oct 28 15:09:26 PDT 2019,Wed Nov 27 14:09:26 PST 2019,Mon Oct 28 19:42:59 PDT 2019,,,1450,100% (1/1),100% (1/1),100% (1/1),28,I am using this natural image factors and good natural images and understanding of steganography.,TRUE,FALSE,FALSE,FALSE,FALSE,FALSE,It is interesting one and really impressive.,FALSE,TRUE,none,,FALSE,FALSE,TRUE,FALSE,FALSE,TRUE,FALSE,FALSE,TRUE,FALSE,none,,,
3MDKGGG62TWJPYMW6D0433XUKPM6T1,35HI3XJLWMD4X869XTGN4NP9FJK7CO,Putting photos in order,Choose which of the two photos is more complex,"image, complexity, ranking",$0.50,Mon Oct 28 14:13:21 PDT 2019,89,BatchId:3816536;OriginalHitTemplateId:928390828;,1800,2592000,Wed Nov 27 13:13:21 PST 2019,,,3EJJQNKU9VFOSSQFO9RFOZGSPK3RHF,AEF74ZYJTTEIA,Approved,Mon Oct 28 14:44:24 PDT 2019,Mon Oct 28 14:48:52 PDT 2019,Wed Nov 27 13:48:52 PST 2019,Mon Oct 28 19:42:59 PDT 2019,,,268,100% (2/2),100% (2/2),100% (1/1),41,I first looked at the variety of textures. I then considered the variety of the color.,TRUE,FALSE,FALSE,FALSE,FALSE,FALSE,I don't.,FALSE,TRUE,None,,FALSE,TRUE,FALSE,FALSE,FALSE,TRUE,FALSE,FALSE,TRUE,FALSE,None,,,
3MDKGGG62TWJPYMW6D0433XUKPM6T1,35HI3XJLWMD4X869XTGN4NP9FJK7CO,Putting photos in order,Choose which of the two photos is more complex,"image, complexity, ranking",$0.50,Mon Oct 28 14:13:21 PDT 2019,89,BatchId:3816536;OriginalHitTemplateId:928390828;,1800,2592000,Wed Nov 27 13:13:21 PST 2019,,,3EJPLAJKEQQHXUSP27UODBT1PN6Z6F,A2XKIP0PJ3FJ20,Approved,Mon Oct 28 14:15:39 PDT 2019,Mon Oct 28 14:31:51 PDT 2019,Wed Nov 27 13:31:51 PST 2019,Mon Oct 28 19:42:59 PDT 2019,,,972,100% (1/1),100% (1/1),100% (1/1),72,"I was looking or ""busy-ness,"" I guess. Sometimes color added to the complexity, sometimes it lost out. (And I have the feeling I wasn't always consistent in my choices.) And patterns often stood out as adding to the complexity. This was interesting!",FALSE,FALSE,FALSE,FALSE,FALSE,TRUE,No. This was very well done.,FALSE,TRUE,none,,TRUE,FALSE,FALSE,FALSE,FALSE,TRUE,FALSE,FALSE,TRUE,FALSE,none,,,
3MDKGGG62TWJPYMW6D0433XUKPM6T1,35HI3XJLWMD4X869XTGN4NP9FJK7CO,Putting photos in order,Choose which of the two photos is more complex,"image, complexity, ranking",$0.50,Mon Oct 28 14:13:21 PDT 2019,89,BatchId:3816536;OriginalHitTemplateId:928390828;,1800,2592000,Wed Nov 27 13:13:21 PST 2019,,,3FE7TXL1LMXK118XS9Z8W50L4G7Q2L,A2XPWASDT8AYXH,Approved,Mon Oct 28 15:27:02 PDT 2019,Mon Oct 28 15:43:58 PDT 2019,Wed Nov 27 14:43:58 PST 2019,Mon Oct 28 19:42:59 PDT 2019,,,1016,100% (1/1),100% (1/1),100% (1/1),51,I decided by the ones with the more textures and more colors.,TRUE,FALSE,FALSE,FALSE,FALSE,FALSE,none,FALSE,TRUE,none,,TRUE,FALSE,FALSE,FALSE,FALSE,TRUE,FALSE,FALSE,TRUE,FALSE,none,,,
3MDKGGG62TWJPYMW6D0433XUKPM6T1,35HI3XJLWMD4X869XTGN4NP9FJK7CO,Putting photos in order,Choose which of the two photos is more complex,"image, complexity, ranking",$0.50,Mon Oct 28 14:13:21 PDT 2019,89,BatchId:3816536;OriginalHitTemplateId:928390828;,1800,2592000,Wed Nov 27 13:13:21 PST 2019,,,3GD6L00D3W7MR1S9HCSDAD6B2891M3,A320QA9HJFUOZO,Approved,Mon Oct 28 14:13:31 PDT 2019,Mon Oct 28 14:24:31 PDT 2019,Wed Nov 27 13:24:31 PST 2019,Mon Oct 28 19:43:00 PDT 2019,,,660,100% (1/1),100% (1/1),100% (1/1),32,"I chose whichever photo seemed more complex based on logic and my visual interpretation of the images. Images with more elements and small, different elements, that looked more random were more complex to me.",TRUE,FALSE,FALSE,FALSE,FALSE,FALSE,"A bit underpaid for the time required including explanation of choicesThanks",FALSE,TRUE,none,,TRUE,FALSE,FALSE,FALSE,TRUE,FALSE,FALSE,FALSE,TRUE,FALSE,none,,,
3MDKGGG62TWJPYMW6D0433XUKPM6T1,35HI3XJLWMD4X869XTGN4NP9FJK7CO,Putting photos in order,Choose which of the two photos is more complex,"image, complexity, ranking",$0.50,Mon Oct 28 14:13:21 PDT 2019,89,BatchId:3816536;OriginalHitTemplateId:928390828;,1800,2592000,Wed Nov 27 13:13:21 PST 2019,,,3GGAI1SQEZ86E427X9HXR9P265ZMCD,A1HM9FS1R9YM7Y,Approved,Mon Oct 28 14:16:11 PDT 2019,Mon Oct 28 14:28:14 PDT 2019,Wed Nov 27 13:28:14 PST 2019,Mon Oct 28 19:43:00 PDT 2019,,,723,100% (1/1),100% (1/1),100% (1/1),56,The images that has a lot of interwoven object abd some that are granular in nature.,FALSE,TRUE,FALSE,FALSE,FALSE,FALSE,"no, i dont",FALSE,TRUE,none,,FALSE,FALSE,TRUE,FALSE,FALSE,TRUE,FALSE,FALSE,TRUE,FALSE,none,,,
3MDKGGG62TWJPYMW6D0433XUKPM6T1,35HI3XJLWMD4X869XTGN4NP9FJK7CO,Putting photos in order,Choose which of the two photos is more complex,"image, complexity, ranking",$0.50,Mon Oct 28 14:13:21 PDT 2019,89,BatchId:3816536;OriginalHitTemplateId:928390828;,1800,2592000,Wed Nov 27 13:13:21 PST 2019,,,3GS6S824SU7LAKTCQ1WYGIL53CXNWV,AJTHGXBMZJ3HE,Rejected,Mon Oct 28 14:31:00 PDT 2019,Mon Oct 28 14:45:02 PDT 2019,Wed Nov 27 13:45:02 PST 2019,,Mon Oct 28 14:52:05 PDT 2019,"Thank you very much for your engagement in our image study!  In our instructions, we asked explicitly for how you judge the complexity between two pictures. Unfortunately, we are unable to accept your answer, in which you said ""YES I AGREE WITH THAT SOME OF PICTURES MUST BE VERY TOUGH TO CHOOSE"", because this is not what we asked for. Therefore we are unable to accept or use your results in our study. Nonetheless, we appreciate your interest and participation.",842,50% (1/2),50% (1/2),50% (1/2),31,YES I AGREE WITH THAT SOME OF PICTURES MUST BE VERY TOUGH TO CHOOSE,TRUE,FALSE,FALSE,FALSE,FALSE,FALSE,NICE SURVEY,FALSE,TRUE,NONE,,FALSE,FALSE,TRUE,FALSE,FALSE,TRUE,FALSE,FALSE,TRUE,FALSE,NONE,,,
3MDKGGG62TWJPYMW6D0433XUKPM6T1,35HI3XJLWMD4X869XTGN4NP9FJK7CO,Putting photos in order,Choose which of the two photos is more complex,"image, complexity, ranking",$0.50,Mon Oct 28 14:13:21 PDT 2019,89,BatchId:3816536;OriginalHitTemplateId:928390828;,1800,2592000,Wed Nov 27 13:13:21 PST 2019,,,3I02618YA4G8L1GKBGUP2J53IAIPUN,ACGTDVVR5QSOS,Approved,Mon Oct 28 14:14:30 PDT 2019,Mon Oct 28 14:20:24 PDT 2019,Wed Nov 27 13:20:24 PST 2019,Mon Oct 28 19:43:00 PDT 2019,,,354,100% (1/1),100% (1/1),100% (1/1),28,"There were different factors that made me decide whether one picture was more complex than another. The first thing I considered was the number of the element in the picture: pictures with fewer elements were for me less complex than pictures with more elements. Also the granularity of the image was relevant for me: the images with smaller elements were more complex than the image with bigger elements. I considered also the level of details of the images: images with more, smaller and more detailed elements were for me the most complex for me.",FALSE,TRUE,FALSE,FALSE,FALSE,FALSE,I think that the study was interesting. I like steganography and I dabbled with it a little when I was in college (I studied computer science).,TRUE,FALSE,None,,FALSE,FALSE,TRUE,FALSE,FALSE,TRUE,FALSE,TRUE,FALSE,FALSE,None,,,
3MDKGGG62TWJPYMW6D0433XUKPM6T1,35HI3XJLWMD4X869XTGN4NP9FJK7CO,Putting photos in order,Choose which of the two photos is more complex,"image, complexity, ranking",$0.50,Mon Oct 28 14:13:21 PDT 2019,89,BatchId:3816536;OriginalHitTemplateId:928390828;,1800,2592000,Wed Nov 27 13:13:21 PST 2019,,,3I02618YA4G8L1GKBGUP2J53IBQPUX,A3TI6XISG3CKJF,Approved,Mon Oct 28 14:44:32 PDT 2019,Mon Oct 28 15:04:03 PDT 2019,Wed Nov 27 14:04:03 PST 2019,Mon Oct 28 19:43:00 PDT 2019,,,1171,100% (2/2),100% (2/2),100% (1/1),31,I determined which images were more complex by evaluating texture and colors shown in the images.,TRUE,FALSE,FALSE,FALSE,FALSE,FALSE,no,TRUE,FALSE,none,I wore my prescription contact lenses to correct my vision while participating in your study.,TRUE,FALSE,FALSE,FALSE,FALSE,TRUE,FALSE,FALSE,FALSE,TRUE,astigmatism,,,
3MDKGGG62TWJPYMW6D0433XUKPM6T1,35HI3XJLWMD4X869XTGN4NP9FJK7CO,Putting photos in order,Choose which of the two photos is more complex,"image, complexity, ranking",$0.50,Mon Oct 28 14:13:21 PDT 2019,89,BatchId:3816536;OriginalHitTemplateId:928390828;,1800,2592000,Wed Nov 27 13:13:21 PST 2019,,,3IAEQB9FMIUCO82Z17IVKD9BP7QDWW,A1OOS9Z432SQB0,Rejected,Mon Oct 28 14:15:05 PDT 2019,Mon Oct 28 14:22:30 PDT 2019,Wed Nov 27 13:22:30 PST 2019,,Mon Oct 28 14:40:58 PDT 2019,"Thank you very much for your engagement in our image study!  In our instructions, we asked explicitly for how you judge the complexity between two pictures. Unfortunately, we are unable to accept your answer, in which you said ""Some pictures very complex compare in the another pictures"". Therefore we are unable to accept or use your results in our study. Nonetheless, we appreciate your interest and participation.",445,50% (1/2),50% (1/2),50% (1/2),27,Some pictures very complex compare  in the another pictures.,FALSE,FALSE,FALSE,FALSE,TRUE,FALSE,No,FALSE,TRUE,None,,FALSE,FALSE,TRUE,FALSE,TRUE,FALSE,TRUE,FALSE,FALSE,FALSE,None,,,
3MDKGGG62TWJPYMW6D0433XUKPM6T1,35HI3XJLWMD4X869XTGN4NP9FJK7CO,Putting photos in order,Choose which of the two photos is more complex,"image, complexity, ranking",$0.50,Mon Oct 28 14:13:21 PDT 2019,89,BatchId:3816536;OriginalHitTemplateId:928390828;,1800,2592000,Wed Nov 27 13:13:21 PST 2019,,,3IQ1VMJRYXU3E5MFOMH1GSTU638A91,AZZOTPTKD7RF5,Approved,Mon Oct 28 14:15:28 PDT 2019,Mon Oct 28 14:42:35 PDT 2019,Wed Nov 27 13:42:35 PST 2019,Mon Oct 28 19:43:00 PDT 2019,,,1627,100% (1/1),100% (1/1),100% (1/1),35,"I picked the images that had a lot of smaller parts to them, sometimes they were stacked or intertwined. Images that had a lot of smaller bits to them were my 1st choice.",TRUE,FALSE,FALSE,FALSE,FALSE,FALSE,none,FALSE,TRUE,none,,FALSE,TRUE,FALSE,FALSE,FALSE,TRUE,FALSE,FALSE,TRUE,FALSE,none,,,
3MDKGGG62TWJPYMW6D0433XUKPM6T1,35HI3XJLWMD4X869XTGN4NP9FJK7CO,Putting photos in order,Choose which of the two photos is more complex,"image, complexity, ranking",$0.50,Mon Oct 28 14:13:21 PDT 2019,89,BatchId:3816536;OriginalHitTemplateId:928390828;,1800,2592000,Wed Nov 27 13:13:21 PST 2019,,,3JPSL1DZ5W9O37Q9PW06YTOEBT0AND,A7ERZELTAMWL5,Approved,Mon Oct 28 14:52:13 PDT 2019,Mon Oct 28 15:02:58 PDT 2019,Wed Nov 27 14:02:58 PST 2019,Mon Oct 28 19:43:00 PDT 2019,,,645,100% (1/1),100% (1/1),100% (1/1),68,Mainly the more things that were in the pictures. Some were very close.  But I chose the pictures where there generally were more things no matter what the size.  I did make an exception for the weave like thing.  Because it was a single pattern.,FALSE,TRUE,FALSE,FALSE,FALSE,FALSE,"This was a good study.  Not sure what it was about, but I tried my best.",FALSE,TRUE,none,,FALSE,TRUE,FALSE,FALSE,FALSE,TRUE,FALSE,FALSE,TRUE,FALSE,none,,,
3MDKGGG62TWJPYMW6D0433XUKPM6T1,35HI3XJLWMD4X869XTGN4NP9FJK7CO,Putting photos in order,Choose which of the two photos is more complex,"image, complexity, ranking",$0.50,Mon Oct 28 14:13:21 PDT 2019,89,BatchId:3816536;OriginalHitTemplateId:928390828;,1800,2592000,Wed Nov 27 13:13:21 PST 2019,,,3KWTYT0874D191B7INTADQ43EKV5LW,A2EBYJVHW8NGM2,Rejected,Mon Oct 28 14:37:26 PDT 2019,Mon Oct 28 14:55:45 PDT 2019,Wed Nov 27 13:55:45 PST 2019,,Mon Oct 28 15:26:52 PDT 2019,"Thank you very much for your engagement in our image study!  In our instructions, we asked explicitly for how you judge the complexity between two pictures. Unfortunately, we are unable to accept answers like ""none"" ""N/A"" ""good"" ""images are different"" ""I like this work"" etc. (We are looking for answers like 'I check for organization of the object and density of colors'.) Therefore we are unable to accept or use your results in our study. Nonetheless, we appreciate your interest and participation.",1099,0% (0/1),0% (0/1),0% (0/1),28,ALL ARE GOOD,TRUE,FALSE,FALSE,FALSE,FALSE,FALSE,good,FALSE,TRUE,none,no glasses,FALSE,FALSE,TRUE,FALSE,TRUE,FALSE,FALSE,FALSE,TRUE,FALSE,none,,,
3MDKGGG62TWJPYMW6D0433XUKPM6T1,35HI3XJLWMD4X869XTGN4NP9FJK7CO,Putting photos in order,Choose which of the two photos is more complex,"image, complexity, ranking",$0.50,Mon Oct 28 14:13:21 PDT 2019,89,BatchId:3816536;OriginalHitTemplateId:928390828;,1800,2592000,Wed Nov 27 13:13:21 PST 2019,,,3L0KT67Y8IQMF2GHDYV809GR1J4SYA,A2G44A4ZPWRPXU,Approved,Mon Oct 28 14:28:10 PDT 2019,Mon Oct 28 14:37:08 PDT 2019,Wed Nov 27 13:37:08 PST 2019,Mon Oct 28 19:43:00 PDT 2019,,,538,100% (1/1),100% (1/1),100% (1/1),31,I CHOSE BASED THE RARE PICTURES I HAVE EVER SEEN IN INTERNET.,TRUE,FALSE,FALSE,FALSE,FALSE,FALSE,IT WAS INTERESTING,FALSE,TRUE,NONE,,TRUE,FALSE,FALSE,FALSE,FALSE,TRUE,FALSE,FALSE,TRUE,FALSE,NONE,,,
3MDKGGG62TWJPYMW6D0433XUKPM6T1,35HI3XJLWMD4X869XTGN4NP9FJK7CO,Putting photos in order,Choose which of the two photos is more complex,"image, complexity, ranking",$0.50,Mon Oct 28 14:13:21 PDT 2019,89,BatchId:3816536;OriginalHitTemplateId:928390828;,1800,2592000,Wed Nov 27 13:13:21 PST 2019,,,3L4D84MIL327U472G4I6M8U1F4QJHY,AFASY2VX8PADR,Rejected,Mon Oct 28 15:07:42 PDT 2019,Mon Oct 28 15:13:08 PDT 2019,Wed Nov 27 14:13:08 PST 2019,,Mon Oct 28 19:38:21 PDT 2019,"Thank you very much for your engagement in our image study!  In our instructions, we asked explicitly for how you judge the complexity between two pictures. Unfortunately, we are unable to accept your answer, because we are not asking for WHAT you saw in the comparison task (we asked HOW you did it). Therefore we are unable to accept or use your results in our study. Nonetheless, we appreciate your interest and participation.",326,0% (0/1),0% (0/1),0% (0/1),29,picture is clear nature and complex,TRUE,FALSE,FALSE,FALSE,FALSE,FALSE,good,FALSE,TRUE,is good,,TRUE,FALSE,FALSE,FALSE,FALSE,TRUE,FALSE,FALSE,TRUE,FALSE,different and complex,,,
3MDKGGG62TWJPYMW6D0433XUKPM6T1,35HI3XJLWMD4X869XTGN4NP9FJK7CO,Putting photos in order,Choose which of the two photos is more complex,"image, complexity, ranking",$0.50,Mon Oct 28 14:13:21 PDT 2019,89,BatchId:3816536;OriginalHitTemplateId:928390828;,1800,2592000,Wed Nov 27 13:13:21 PST 2019,,,3LEIZ60CDN94FDUN0EX0XLK3FOEZ9Q,A1Y9VA9FKJLS5K,Approved,Mon Oct 28 14:43:48 PDT 2019,Mon Oct 28 14:50:00 PDT 2019,Wed Nov 27 13:50:00 PST 2019,Mon Oct 28 19:43:01 PDT 2019,,,372,100% (1/1),100% (1/1),100% (1/1),32,"Usually, the images that had some kind of fractal in them was evaluated as more ""complex"" than the other one simply because of how intricate they are.",TRUE,FALSE,FALSE,FALSE,FALSE,FALSE,none,FALSE,TRUE,none,,TRUE,FALSE,FALSE,FALSE,TRUE,FALSE,FALSE,FALSE,TRUE,FALSE,none,,,
3MDKGGG62TWJPYMW6D0433XUKPM6T1,35HI3XJLWMD4X869XTGN4NP9FJK7CO,Putting photos in order,Choose which of the two photos is more complex,"image, complexity, ranking",$0.50,Mon Oct 28 14:13:21 PDT 2019,89,BatchId:3816536;OriginalHitTemplateId:928390828;,1800,2592000,Wed Nov 27 13:13:21 PST 2019,,,3LKC68YZ3ED3S5TORGWBV7LATLWWOB,A3IWYWEH83GH6B,Rejected,Mon Oct 28 14:13:34 PDT 2019,Mon Oct 28 14:42:19 PDT 2019,Wed Nov 27 13:42:19 PST 2019,,Mon Oct 28 19:14:23 PDT 2019,"Thank you very much for your engagement in our image study!  In our instructions, we asked you explicitly to elaborate how you judge the complexity between two pictures. Unfortunately, we are unable to accept your answer, in which you said ""looks"". Nonetheless, we appreciate your interest and participation.",1725,0% (0/1),0% (0/1),0% (0/1),27,looks.,FALSE,TRUE,FALSE,FALSE,FALSE,FALSE,nice work.,FALSE,TRUE,none,,FALSE,TRUE,FALSE,FALSE,FALSE,TRUE,FALSE,FALSE,TRUE,FALSE,none,,,
3MDKGGG62TWJPYMW6D0433XUKPM6T1,35HI3XJLWMD4X869XTGN4NP9FJK7CO,Putting photos in order,Choose which of the two photos is more complex,"image, complexity, ranking",$0.50,Mon Oct 28 14:13:21 PDT 2019,89,BatchId:3816536;OriginalHitTemplateId:928390828;,1800,2592000,Wed Nov 27 13:13:21 PST 2019,,,3LQ8PUHQFP2BZTNWYMX6A7F12OLIH3,AR8AGQVBAQ488,Approved,Mon Oct 28 14:15:04 PDT 2019,Mon Oct 28 14:40:36 PDT 2019,Wed Nov 27 13:40:36 PST 2019,Mon Oct 28 19:43:01 PDT 2019,,,1532,100% (1/1),100% (1/1),100% (1/1),49,I imagined myself having to redraw from memory what I had seen. Intricate brush strokes and so forth.,FALSE,FALSE,FALSE,FALSE,TRUE,FALSE,none,TRUE,FALSE,none,,TRUE,FALSE,FALSE,FALSE,FALSE,TRUE,FALSE,FALSE,TRUE,FALSE,none,,,
3MDKGGG62TWJPYMW6D0433XUKPM6T1,35HI3XJLWMD4X869XTGN4NP9FJK7CO,Putting photos in order,Choose which of the two photos is more complex,"image, complexity, ranking",$0.50,Mon Oct 28 14:13:21 PDT 2019,89,BatchId:3816536;OriginalHitTemplateId:928390828;,1800,2592000,Wed Nov 27 13:13:21 PST 2019,,,3M68NM076LH8V36YSQ0BR8R2G6O6RU,A219Y0MX694TM2,Approved,Mon Oct 28 14:13:35 PDT 2019,Mon Oct 28 14:16:50 PDT 2019,Wed Nov 27 13:16:50 PST 2019,Mon Oct 28 19:43:01 PDT 2019,,,195,100% (1/1),100% (1/1),100% (1/1),31,I decided based on how many elements or skill was needed in what was included in the picture.,FALSE,FALSE,FALSE,FALSE,TRUE,FALSE,N/A,TRUE,FALSE,none,,TRUE,FALSE,FALSE,FALSE,FALSE,TRUE,FALSE,TRUE,FALSE,FALSE,none,,,
3MDKGGG62TWJPYMW6D0433XUKPM6T1,35HI3XJLWMD4X869XTGN4NP9FJK7CO,Putting photos in order,Choose which of the two photos is more complex,"image, complexity, ranking",$0.50,Mon Oct 28 14:13:21 PDT 2019,89,BatchId:3816536;OriginalHitTemplateId:928390828;,1800,2592000,Wed Nov 27 13:13:21 PST 2019,,,3MH9DQ7570M28ONL8X428ARBHJVGUA,ATP43ZVI1RP0C,Approved,Mon Oct 28 14:15:39 PDT 2019,Mon Oct 28 14:23:35 PDT 2019,Wed Nov 27 13:23:35 PST 2019,Mon Oct 28 19:43:01 PDT 2019,,,476,100% (2/2),100% (2/2),100% (2/2),29,the one that was composed of more small pieces and the one that had more color,FALSE,TRUE,FALSE,FALSE,FALSE,FALSE,none,FALSE,TRUE,none,,TRUE,FALSE,FALSE,FALSE,FALSE,TRUE,FALSE,FALSE,TRUE,FALSE,none,,,
3MDKGGG62TWJPYMW6D0433XUKPM6T1,35HI3XJLWMD4X869XTGN4NP9FJK7CO,Putting photos in order,Choose which of the two photos is more complex,"image, complexity, ranking",$0.50,Mon Oct 28 14:13:21 PDT 2019,89,BatchId:3816536;OriginalHitTemplateId:928390828;,1800,2592000,Wed Nov 27 13:13:21 PST 2019,,,3MMN5BL1W3EI146O4G6WY6L80TV3M7,AO2WNSGOXAX52,Rejected,Mon Oct 28 14:59:23 PDT 2019,Mon Oct 28 15:08:26 PDT 2019,Wed Nov 27 14:08:26 PST 2019,,Mon Oct 28 19:26:59 PDT 2019,"Thank you very much for your engagement in our image study!  In our instructions, we asked explicitly for how you judge the complexity between two pictures. Unfortunately, we are unable to accept your answer as it does not reflect what we asked for. Nonetheless, we appreciate your interest and participation.",543,0% (0/1),0% (0/1),0% (0/1),31,in my view sand picture.low color sand picture is more complex than high color sand picture,FALSE,FALSE,FALSE,FALSE,TRUE,FALSE,nice survey,FALSE,TRUE,none,,FALSE,FALSE,TRUE,FALSE,TRUE,FALSE,FALSE,FALSE,TRUE,FALSE,none,,,
3MDKGGG62TWJPYMW6D0433XUKPM6T1,35HI3XJLWMD4X869XTGN4NP9FJK7CO,Putting photos in order,Choose which of the two photos is more complex,"image, complexity, ranking",$0.50,Mon Oct 28 14:13:21 PDT 2019,89,BatchId:3816536;OriginalHitTemplateId:928390828;,1800,2592000,Wed Nov 27 13:13:21 PST 2019,,,3MX2NQ3YCD4W9VSWW6WYOKZQLS1X54,AR3NVKJH0L8RL,Approved,Mon Oct 28 14:26:24 PDT 2019,Mon Oct 28 14:35:07 PDT 2019,Wed Nov 27 13:35:07 PST 2019,Mon Oct 28 19:43:01 PDT 2019,,,523,100% (1/1),100% (1/1),100% (1/1),32,i decided the one of the complex picture from two picture by an its complex of there picture.,TRUE,FALSE,FALSE,FALSE,FALSE,FALSE,its very interesting,FALSE,TRUE,none,,TRUE,FALSE,FALSE,FALSE,TRUE,FALSE,FALSE,FALSE,TRUE,FALSE,none,,,
3MDKGGG62TWJPYMW6D0433XUKPM6T1,35HI3XJLWMD4X869XTGN4NP9FJK7CO,Putting photos in order,Choose which of the two photos is more complex,"image, complexity, ranking",$0.50,Mon Oct 28 14:13:21 PDT 2019,89,BatchId:3816536;OriginalHitTemplateId:928390828;,1800,2592000,Wed Nov 27 13:13:21 PST 2019,,,3NGI5ARFTXFSC4PM9SK5RH067DJP1M,A1178K7BRHRNW8,Approved,Mon Oct 28 14:44:25 PDT 2019,Mon Oct 28 15:06:22 PDT 2019,Wed Nov 27 14:06:22 PST 2019,Mon Oct 28 19:43:01 PDT 2019,,,1317,100% (1/1),100% (1/1),100% (1/1),55,"I chose the pictures that seemed to have the most involved as far as what was in the picture, texture and color, if any.",TRUE,FALSE,FALSE,FALSE,FALSE,FALSE,none,TRUE,FALSE,none,,TRUE,FALSE,FALSE,FALSE,FALSE,TRUE,FALSE,FALSE,TRUE,FALSE,none,,,
3MDKGGG62TWJPYMW6D0433XUKPM6T1,35HI3XJLWMD4X869XTGN4NP9FJK7CO,Putting photos in order,Choose which of the two photos is more complex,"image, complexity, ranking",$0.50,Mon Oct 28 14:13:21 PDT 2019,89,BatchId:3816536;OriginalHitTemplateId:928390828;,1800,2592000,Wed Nov 27 13:13:21 PST 2019,,,3NPI0JQDASFTLO1VBB4FXNJ1ZWBPTW,A34FN7NR8AALJ8,Approved,Mon Oct 28 14:14:30 PDT 2019,Mon Oct 28 14:22:18 PDT 2019,Wed Nov 27 13:22:18 PST 2019,Mon Oct 28 19:43:01 PDT 2019,,,468,100% (1/1),100% (1/1),100% (1/1),27,the number of different objects in the picture,TRUE,FALSE,FALSE,FALSE,FALSE,FALSE,no feedbacks,FALSE,TRUE,none,,TRUE,FALSE,FALSE,FALSE,FALSE,TRUE,FALSE,FALSE,TRUE,FALSE,none,,,
3MDKGGG62TWJPYMW6D0433XUKPM6T1,35HI3XJLWMD4X869XTGN4NP9FJK7CO,Putting photos in order,Choose which of the two photos is more complex,"image, complexity, ranking",$0.50,Mon Oct 28 14:13:21 PDT 2019,89,BatchId:3816536;OriginalHitTemplateId:928390828;,1800,2592000,Wed Nov 27 13:13:21 PST 2019,,,3OHYZ19UGGF6LSQLQB0JDIOJ132AOP,A15BOS6WJAPZX5,Rejected,Mon Oct 28 14:41:07 PDT 2019,Mon Oct 28 14:45:24 PDT 2019,Wed Nov 27 13:45:24 PST 2019,,Mon Oct 28 15:26:53 PDT 2019,"Thank you very much for your engagement in our image study!  In our instructions, we asked explicitly for how you judge the complexity between two pictures. Unfortunately, we are unable to accept answers like ""none"" ""N/A"" ""good"" ""images are different"" ""I like this work"" etc. (We are looking for answers like 'I check for organization of the object and density of colors'.) Therefore we are unable to accept or use your results in our study. Nonetheless, we appreciate your interest and participation.",257,0% (0/1),0% (0/1),0% (0/1),28,is good here,TRUE,FALSE,FALSE,FALSE,FALSE,FALSE,good,FALSE,TRUE,easy methode,,TRUE,FALSE,FALSE,FALSE,FALSE,TRUE,FALSE,FALSE,TRUE,FALSE,good,,,
3MDKGGG62TWJPYMW6D0433XUKPM6T1,35HI3XJLWMD4X869XTGN4NP9FJK7CO,Putting photos in order,Choose which of the two photos is more complex,"image, complexity, ranking",$0.50,Mon Oct 28 14:13:21 PDT 2019,89,BatchId:3816536;OriginalHitTemplateId:928390828;,1800,2592000,Wed Nov 27 13:13:21 PST 2019,,,3OHYZ19UGGF6LSQLQB0JDIOJ135AOS,A16G6PPH1INQL8,Approved,Mon Oct 28 14:52:14 PDT 2019,Mon Oct 28 15:07:27 PDT 2019,Wed Nov 27 14:07:27 PST 2019,Mon Oct 28 19:43:02 PDT 2019,,,913,100% (1/1),100% (1/1),100% (1/1),51,"I generally used my gut feeling, but I do think pictures with two different prominent colors were more complex than ones with one color in different shades.  There was an image that did not have any kind of pattern which I felt was complex.  (It was like moss on brick?)  And, the basket pattern did not feel very complex until it was against something like a dirt pattern.",FALSE,FALSE,FALSE,FALSE,TRUE,FALSE,"I think the task could probably pay a little better, like at least $1 because of the writing required.",TRUE,FALSE,None,"I wear glasses to correct near sightedness.  So, normal/corrected vision.",TRUE,FALSE,FALSE,FALSE,TRUE,FALSE,FALSE,TRUE,FALSE,FALSE,None,,,
3MDKGGG62TWJPYMW6D0433XUKPM6T1,35HI3XJLWMD4X869XTGN4NP9FJK7CO,Putting photos in order,Choose which of the two photos is more complex,"image, complexity, ranking",$0.50,Mon Oct 28 14:13:21 PDT 2019,89,BatchId:3816536;OriginalHitTemplateId:928390828;,1800,2592000,Wed Nov 27 13:13:21 PST 2019,,,3OSWBBLG1I7RD87PBCEHMWNIYA8DX3,A200RIU9CD4AJ8,Approved,Mon Oct 28 14:57:29 PDT 2019,Mon Oct 28 15:06:47 PDT 2019,Wed Nov 27 14:06:47 PST 2019,Mon Oct 28 19:43:02 PDT 2019,,,558,100% (1/1),100% (1/1),100% (1/1),45,I basically judged complexity on the number of discrete components that seemed to be present in each picture - i.e. how many individual parts each one contained.,TRUE,FALSE,FALSE,FALSE,FALSE,FALSE,no,FALSE,TRUE,none,,TRUE,FALSE,FALSE,FALSE,FALSE,TRUE,FALSE,FALSE,TRUE,FALSE,none,,,
3MDKGGG62TWJPYMW6D0433XUKPM6T1,35HI3XJLWMD4X869XTGN4NP9FJK7CO,Putting photos in order,Choose which of the two photos is more complex,"image, complexity, ranking",$0.50,Mon Oct 28 14:13:21 PDT 2019,89,BatchId:3816536;OriginalHitTemplateId:928390828;,1800,2592000,Wed Nov 27 13:13:21 PST 2019,,,3OUYGIZWRB8S5F44D9G5DCHW2LEP0K,AZBS0MVCBSCGY,Approved,Mon Oct 28 14:16:36 PDT 2019,Mon Oct 28 14:31:00 PDT 2019,Wed Nov 27 13:31:00 PST 2019,Mon Oct 28 19:43:02 PDT 2019,,,864,100% (2/2),100% (2/2),100% (2/2),28,I choose good natural images and steganography factor is used.,TRUE,FALSE,FALSE,FALSE,FALSE,FALSE,It is very interesting and good work.,TRUE,FALSE,none,,FALSE,FALSE,TRUE,FALSE,FALSE,TRUE,FALSE,FALSE,TRUE,FALSE,none,,,
3MDKGGG62TWJPYMW6D0433XUKPM6T1,35HI3XJLWMD4X869XTGN4NP9FJK7CO,Putting photos in order,Choose which of the two photos is more complex,"image, complexity, ranking",$0.50,Mon Oct 28 14:13:21 PDT 2019,89,BatchId:3816536;OriginalHitTemplateId:928390828;,1800,2592000,Wed Nov 27 13:13:21 PST 2019,,,3OWEPKL08DM6K5SBITOMO2MOAKJ7N6,A2OP2ZANIM5ZV,Approved,Mon Oct 28 14:13:59 PDT 2019,Mon Oct 28 14:27:41 PDT 2019,Wed Nov 27 13:27:41 PST 2019,Mon Oct 28 19:43:02 PDT 2019,,,822,100% (1/1),100% (1/1),100% (1/1),23,IT IS BASED UPON COLOUR AND QUALITY OF THE IMAGE.,TRUE,FALSE,FALSE,FALSE,FALSE,FALSE,i like it,TRUE,FALSE,none,,FALSE,FALSE,TRUE,FALSE,FALSE,TRUE,FALSE,FALSE,FALSE,TRUE,none,,,
3MDKGGG62TWJPYMW6D0433XUKPM6T1,35HI3XJLWMD4X869XTGN4NP9FJK7CO,Putting photos in order,Choose which of the two photos is more complex,"image, complexity, ranking",$0.50,Mon Oct 28 14:13:21 PDT 2019,89,BatchId:3816536;OriginalHitTemplateId:928390828;,1800,2592000,Wed Nov 27 13:13:21 PST 2019,,,3PJ71Z61R8C7KH9FS3O85R0R2AB91N,A3IPVESY1MUTW1,Approved,Mon Oct 28 14:45:32 PDT 2019,Mon Oct 28 14:48:39 PDT 2019,Wed Nov 27 13:48:39 PST 2019,Mon Oct 28 19:43:02 PDT 2019,,,187,100% (1/1),100% (1/1),100% (1/1),33,"I interpreted more complex as: more colors, more chaos, more texture",FALSE,TRUE,FALSE,FALSE,FALSE,FALSE,NA,TRUE,FALSE,none,,FALSE,TRUE,FALSE,FALSE,FALSE,TRUE,FALSE,FALSE,TRUE,FALSE,none,,,
3MDKGGG62TWJPYMW6D0433XUKPM6T1,35HI3XJLWMD4X869XTGN4NP9FJK7CO,Putting photos in order,Choose which of the two photos is more complex,"image, complexity, ranking",$0.50,Mon Oct 28 14:13:21 PDT 2019,89,BatchId:3816536;OriginalHitTemplateId:928390828;,1800,2592000,Wed Nov 27 13:13:21 PST 2019,,,3QIYRE09Y7RS9JD9TD7DNSVB7YJ1N3,A3MJCHFORYK0US,Approved,Mon Oct 28 14:13:33 PDT 2019,Mon Oct 28 14:37:49 PDT 2019,Wed Nov 27 13:37:49 PST 2019,Mon Oct 28 19:43:02 PDT 2019,,,1456,100% (2/2),100% (2/2),100% (2/2),54,i picked images having two or more items within them compared to the other.,FALSE,TRUE,FALSE,FALSE,FALSE,FALSE,no. thanks,TRUE,FALSE,none,,TRUE,FALSE,FALSE,FALSE,FALSE,TRUE,FALSE,FALSE,TRUE,FALSE,none,,,
3MDKGGG62TWJPYMW6D0433XUKPM6T1,35HI3XJLWMD4X869XTGN4NP9FJK7CO,Putting photos in order,Choose which of the two photos is more complex,"image, complexity, ranking",$0.50,Mon Oct 28 14:13:21 PDT 2019,89,BatchId:3816536;OriginalHitTemplateId:928390828;,1800,2592000,Wed Nov 27 13:13:21 PST 2019,,,3QJOXOW4XN1LB2MLT0NSHXP5RHCME6,A29DPTJAMWQ74F,Approved,Mon Oct 28 14:14:10 PDT 2019,Mon Oct 28 14:40:59 PDT 2019,Wed Nov 27 13:40:59 PST 2019,Mon Oct 28 19:43:02 PDT 2019,,,1609,100% (1/1),100% (1/1),100% (1/1),24,"I focused on the images that had more complex items, the more  things the image had the more complex it was to me",FALSE,FALSE,FALSE,FALSE,FALSE,TRUE,It was interesting,FALSE,TRUE,none,,TRUE,FALSE,FALSE,FALSE,FALSE,TRUE,FALSE,FALSE,TRUE,FALSE,none,,,
3MDKGGG62TWJPYMW6D0433XUKPM6T1,35HI3XJLWMD4X869XTGN4NP9FJK7CO,Putting photos in order,Choose which of the two photos is more complex,"image, complexity, ranking",$0.50,Mon Oct 28 14:13:21 PDT 2019,89,BatchId:3816536;OriginalHitTemplateId:928390828;,1800,2592000,Wed Nov 27 13:13:21 PST 2019,,,3QUO65DNQYYQ014JWGHADJ0D85LOU4,ABL3H3O3BI8ZD,Approved,Mon Oct 28 14:13:29 PDT 2019,Mon Oct 28 14:26:01 PDT 2019,Wed Nov 27 13:26:01 PST 2019,Mon Oct 28 19:43:03 PDT 2019,,,752,100% (1/1),100% (1/1),100% (1/1),29,The amount of lines in the photo influenced my decisions.,FALSE,TRUE,FALSE,FALSE,FALSE,FALSE,Its good,FALSE,TRUE,none,,TRUE,FALSE,FALSE,FALSE,FALSE,TRUE,FALSE,FALSE,TRUE,FALSE,none,,,
3MDKGGG62TWJPYMW6D0433XUKPM6T1,35HI3XJLWMD4X869XTGN4NP9FJK7CO,Putting photos in order,Choose which of the two photos is more complex,"image, complexity, ranking",$0.50,Mon Oct 28 14:13:21 PDT 2019,89,BatchId:3816536;OriginalHitTemplateId:928390828;,1800,2592000,Wed Nov 27 13:13:21 PST 2019,,,3QY5DC2MXVUWUORQXDYKQPRZG4WFUB,A18H3EK547GHD4,Approved,Mon Oct 28 14:17:18 PDT 2019,Mon Oct 28 14:25:39 PDT 2019,Wed Nov 27 13:25:39 PST 2019,Mon Oct 28 19:43:03 PDT 2019,,,501,100% (1/1),100% (1/1),100% (1/1),43,"I judged ""more complex"" the photos showing things that took more time to create - be it natural things (flowers blossoming among grass are more complex than just grass), or man-made artifacts (cutting stone requires different amounts of time, depending on the stone).",TRUE,FALSE,FALSE,FALSE,FALSE,FALSE,I found the task interesting and kind of challenging in parts. Hope it's useful to your research.,FALSE,TRUE,none,20/20 with glasses,TRUE,FALSE,FALSE,FALSE,FALSE,TRUE,FALSE,FALSE,TRUE,FALSE,none,,,
3MDKGGG62TWJPYMW6D0433XUKPM6T1,35HI3XJLWMD4X869XTGN4NP9FJK7CO,Putting photos in order,Choose which of the two photos is more complex,"image, complexity, ranking",$0.50,Mon Oct 28 14:13:21 PDT 2019,89,BatchId:3816536;OriginalHitTemplateId:928390828;,1800,2592000,Wed Nov 27 13:13:21 PST 2019,,,3R5F3LQFV6U7M0YT23GIUBFSAN0OZT,A2J6Q0K995TRVM,Approved,Mon Oct 28 14:13:36 PDT 2019,Mon Oct 28 14:23:00 PDT 2019,Wed Nov 27 13:23:00 PST 2019,Mon Oct 28 19:43:03 PDT 2019,,,564,100% (1/1),100% (1/1),100% (1/1),30,The puture with a lot of flowers and the other that looks like matt.,FALSE,TRUE,FALSE,FALSE,FALSE,FALSE,none,FALSE,TRUE,none,,TRUE,FALSE,FALSE,FALSE,FALSE,TRUE,TRUE,FALSE,FALSE,FALSE,none,,,
3MDKGGG62TWJPYMW6D0433XUKPM6T1,35HI3XJLWMD4X869XTGN4NP9FJK7CO,Putting photos in order,Choose which of the two photos is more complex,"image, complexity, ranking",$0.50,Mon Oct 28 14:13:21 PDT 2019,89,BatchId:3816536;OriginalHitTemplateId:928390828;,1800,2592000,Wed Nov 27 13:13:21 PST 2019,,,3RYC5T2D773G59O37MZKX8IJBBDRPK,A1XGHGHD0LCPXJ,Rejected,Mon Oct 28 14:21:13 PDT 2019,Mon Oct 28 14:36:13 PDT 2019,Wed Nov 27 13:36:13 PST 2019,,Mon Oct 28 14:45:08 PDT 2019,"Thank you very much for your engagement in our image study!  In our instructions, we asked explicitly for how you judge the complexity between two pictures. Unfortunately, we are unable to accept your answer, in which you said ""NO MORE COMPLEX IN THIS IMAGE"", because this is not what we asked for. Therefore we are unable to accept or use your results in our study. Nonetheless, we appreciate your interest and participation.",900,0% (0/1),0% (0/1),0% (0/1),28,NO MORE COMPLEX IN THIS IMAGE,FALSE,FALSE,FALSE,FALSE,FALSE,TRUE,good,FALSE,TRUE,none,NO GLASSES,FALSE,FALSE,TRUE,FALSE,TRUE,FALSE,FALSE,FALSE,TRUE,FALSE,none,,,
3MDKGGG62TWJPYMW6D0433XUKPM6T1,35HI3XJLWMD4X869XTGN4NP9FJK7CO,Putting photos in order,Choose which of the two photos is more complex,"image, complexity, ranking",$0.50,Mon Oct 28 14:13:21 PDT 2019,89,BatchId:3816536;OriginalHitTemplateId:928390828;,1800,2592000,Wed Nov 27 13:13:21 PST 2019,,,3RYC5T2D773G59O37MZKX8IJBCJRPS,A2R4A8488OMMDO,Approved,Mon Oct 28 14:32:05 PDT 2019,Mon Oct 28 14:43:17 PDT 2019,Wed Nov 27 13:43:17 PST 2019,Mon Oct 28 19:43:03 PDT 2019,,,672,100% (1/1),100% (1/1),100% (1/1),33,I liked it more since it is clearer and more precise,FALSE,TRUE,FALSE,FALSE,FALSE,FALSE,is good,FALSE,TRUE,none,,TRUE,FALSE,FALSE,FALSE,TRUE,FALSE,FALSE,FALSE,TRUE,FALSE,none,,,
3MDKGGG62TWJPYMW6D0433XUKPM6T1,35HI3XJLWMD4X869XTGN4NP9FJK7CO,Putting photos in order,Choose which of the two photos is more complex,"image, complexity, ranking",$0.50,Mon Oct 28 14:13:21 PDT 2019,89,BatchId:3816536;OriginalHitTemplateId:928390828;,1800,2592000,Wed Nov 27 13:13:21 PST 2019,,,3SLE99ER0RNN369KYYBWORFT3OHZB0,A1ZZINLCZZYOH4,Approved,Mon Oct 28 14:13:35 PDT 2019,Mon Oct 28 14:20:47 PDT 2019,Wed Nov 27 13:20:47 PST 2019,Mon Oct 28 19:43:03 PDT 2019,,,432,100% (3/3),100% (3/3),100% (2/2),48,Number of objects in the picture,FALSE,TRUE,FALSE,FALSE,FALSE,FALSE,nono,FALSE,TRUE,none,,TRUE,FALSE,FALSE,FALSE,TRUE,FALSE,FALSE,FALSE,TRUE,FALSE,none,,,
3MDKGGG62TWJPYMW6D0433XUKPM6T1,35HI3XJLWMD4X869XTGN4NP9FJK7CO,Putting photos in order,Choose which of the two photos is more complex,"image, complexity, ranking",$0.50,Mon Oct 28 14:13:21 PDT 2019,89,BatchId:3816536;OriginalHitTemplateId:928390828;,1800,2592000,Wed Nov 27 13:13:21 PST 2019,,,3SPJ033425DTGZXRQ4MU88P45ZMJYE,A3PFB892WE3BV5,Approved,Mon Oct 28 14:19:59 PDT 2019,Mon Oct 28 14:28:26 PDT 2019,Wed Nov 27 13:28:26 PST 2019,Mon Oct 28 19:43:03 PDT 2019,,,507,100% (1/1),100% (1/1),100% (1/1),69,Complexity for me was more 3 dimensional and/colorful.,TRUE,FALSE,FALSE,FALSE,FALSE,FALSE,Thank you,TRUE,FALSE,none,,TRUE,FALSE,FALSE,FALSE,FALSE,TRUE,FALSE,TRUE,FALSE,FALSE,none,,,
3MDKGGG62TWJPYMW6D0433XUKPM6T1,35HI3XJLWMD4X869XTGN4NP9FJK7CO,Putting photos in order,Choose which of the two photos is more complex,"image, complexity, ranking",$0.50,Mon Oct 28 14:13:21 PDT 2019,89,BatchId:3816536;OriginalHitTemplateId:928390828;,1800,2592000,Wed Nov 27 13:13:21 PST 2019,,,3TDXMTX3CF4V243F2362DGQBTA56IQ,ASCTCB5BHNS43,Approved,Mon Oct 28 14:13:32 PDT 2019,Mon Oct 28 14:24:17 PDT 2019,Wed Nov 27 13:24:17 PST 2019,Mon Oct 28 19:43:03 PDT 2019,,,645,100% (1/1),100% (1/1),100% (1/1),24,How much that there was in the photo. How many different things that could be focused on.,FALSE,FALSE,FALSE,FALSE,TRUE,FALSE,I think that this was a great quick and simple study.,TRUE,FALSE,none,,TRUE,FALSE,FALSE,FALSE,FALSE,TRUE,FALSE,FALSE,TRUE,FALSE,none,,,
3MDKGGG62TWJPYMW6D0433XUKPM6T1,35HI3XJLWMD4X869XTGN4NP9FJK7CO,Putting photos in order,Choose which of the two photos is more complex,"image, complexity, ranking",$0.50,Mon Oct 28 14:13:21 PDT 2019,89,BatchId:3816536;OriginalHitTemplateId:928390828;,1800,2592000,Wed Nov 27 13:13:21 PST 2019,,,3TPZPLC3M4MOM731WWYOFAF35XXP3E,A1T643M1P572AA,Approved,Mon Oct 28 14:13:35 PDT 2019,Mon Oct 28 14:22:35 PDT 2019,Wed Nov 27 13:22:35 PST 2019,Mon Oct 28 19:43:04 PDT 2019,,,540,100% (1/1),100% (1/1),100% (1/1),38,how many items were in the picture and how hard or long it would take to recreate,FALSE,FALSE,FALSE,FALSE,FALSE,TRUE,i thought it was pretty interesting and not too long,FALSE,TRUE,none,,TRUE,FALSE,FALSE,FALSE,FALSE,TRUE,FALSE,FALSE,TRUE,FALSE,none,,,
3MDKGGG62TWJPYMW6D0433XUKPM6T1,35HI3XJLWMD4X869XTGN4NP9FJK7CO,Putting photos in order,Choose which of the two photos is more complex,"image, complexity, ranking",$0.50,Mon Oct 28 14:13:21 PDT 2019,89,BatchId:3816536;OriginalHitTemplateId:928390828;,1800,2592000,Wed Nov 27 13:13:21 PST 2019,,,3TUI152ZZFXDCGQ195ZURMQGCAE1Q0,A1PP1FS377QA79,Approved,Mon Oct 28 14:39:53 PDT 2019,Mon Oct 28 14:50:22 PDT 2019,Wed Nov 27 13:50:22 PST 2019,Mon Oct 28 19:43:04 PDT 2019,,,629,100% (1/1),100% (1/1),100% (1/1),19,"I used many factors to decide that once picture was more complex than the other. I judged based on how chaotic, or how much detail there is in the picture. I also compared the pictures by seeing which had more color to it. Another property was roughness/depth of the picture. Some pictures were of smooth surfaces, which I almost never chose as the more complex ones.",FALSE,FALSE,FALSE,FALSE,TRUE,FALSE,Good luck with the research! I hope you can make a nice impact to our world!,FALSE,TRUE,none,,TRUE,FALSE,FALSE,FALSE,FALSE,TRUE,FALSE,FALSE,TRUE,FALSE,none,,,
3MDKGGG62TWJPYMW6D0433XUKPM6T1,35HI3XJLWMD4X869XTGN4NP9FJK7CO,Putting photos in order,Choose which of the two photos is more complex,"image, complexity, ranking",$0.50,Mon Oct 28 14:13:21 PDT 2019,89,BatchId:3816536;OriginalHitTemplateId:928390828;,1800,2592000,Wed Nov 27 13:13:21 PST 2019,,,3TYCR1GOTGTZGFVWPB0Q2UBYFIVLZ9,A2PDCGN3PDAK67,Approved,Mon Oct 28 14:30:17 PDT 2019,Mon Oct 28 14:40:58 PDT 2019,Wed Nov 27 13:40:58 PST 2019,Mon Oct 28 19:43:04 PDT 2019,,,641,100% (1/1),100% (1/1),100% (1/1),32,i have selected one picture from the two pictures by the complex of the two pictures.,TRUE,FALSE,FALSE,FALSE,FALSE,FALSE,its very interesting,FALSE,TRUE,none,,TRUE,FALSE,FALSE,FALSE,TRUE,FALSE,FALSE,FALSE,TRUE,FALSE,none,,,
3MDKGGG62TWJPYMW6D0433XUKPM6T1,35HI3XJLWMD4X869XTGN4NP9FJK7CO,Putting photos in order,Choose which of the two photos is more complex,"image, complexity, ranking",$0.50,Mon Oct 28 14:13:21 PDT 2019,89,BatchId:3816536;OriginalHitTemplateId:928390828;,1800,2592000,Wed Nov 27 13:13:21 PST 2019,,,3UOUJI6MTHODUAIBX746WWR6KAZUXQ,A1RCBWN98I5B90,Approved,Mon Oct 28 14:47:28 PDT 2019,Mon Oct 28 14:52:02 PDT 2019,Wed Nov 27 13:52:02 PST 2019,Mon Oct 28 19:43:04 PDT 2019,,,274,100% (1/1),100% (1/1),100% (1/1),33,i chose which picture i thought had more stuff in,FALSE,FALSE,FALSE,FALSE,TRUE,FALSE,i cant think of anything,FALSE,TRUE,none,,TRUE,FALSE,FALSE,FALSE,FALSE,TRUE,FALSE,FALSE,TRUE,FALSE,none,,,
3MDKGGG62TWJPYMW6D0433XUKPM6T1,35HI3XJLWMD4X869XTGN4NP9FJK7CO,Putting photos in order,Choose which of the two photos is more complex,"image, complexity, ranking",$0.50,Mon Oct 28 14:13:21 PDT 2019,89,BatchId:3816536;OriginalHitTemplateId:928390828;,1800,2592000,Wed Nov 27 13:13:21 PST 2019,,,3VFJCI1K439ASWV4439X3Z4RAKQRGG,A3774HPOUKYTX7,Approved,Mon Oct 28 14:13:30 PDT 2019,Mon Oct 28 14:20:41 PDT 2019,Wed Nov 27 13:20:41 PST 2019,Mon Oct 28 19:43:04 PDT 2019,,,431,100% (2/2),100% (2/2),100% (2/2),36,I picked the ones that had more color and criss crossing angles and used that as my sort of base.,TRUE,FALSE,FALSE,FALSE,FALSE,FALSE,THanks!,FALSE,TRUE,none,,FALSE,FALSE,TRUE,FALSE,FALSE,TRUE,FALSE,FALSE,TRUE,FALSE,none,,,
3MDKGGG62TWJPYMW6D0433XUKPM6T1,35HI3XJLWMD4X869XTGN4NP9FJK7CO,Putting photos in order,Choose which of the two photos is more complex,"image, complexity, ranking",$0.50,Mon Oct 28 14:13:21 PDT 2019,89,BatchId:3816536;OriginalHitTemplateId:928390828;,1800,2592000,Wed Nov 27 13:13:21 PST 2019,,,3WSELTNVR7CMYKVTMSMI7SU60BKATC,A2RY24DUOWXUWU,Rejected,Mon Oct 28 14:45:16 PDT 2019,Mon Oct 28 15:00:12 PDT 2019,Wed Nov 27 14:00:12 PST 2019,,Mon Oct 28 15:26:53 PDT 2019,"Thank you very much for your engagement in our image study!  In our instructions, we asked explicitly for how you judge the complexity between two pictures. Unfortunately, we are unable to accept answers like ""none"" ""N/A"" ""good"" ""images are different"" ""I like this work"" etc. (We are looking for answers like 'I check for organization of the object and density of colors'.) Therefore we are unable to accept or use your results in our study. Nonetheless, we appreciate your interest and participation.",896,0% (0/1),0% (0/1),0% (0/1),28,ALL ARE GOOD,TRUE,FALSE,FALSE,FALSE,FALSE,FALSE,good,FALSE,TRUE,none,NO GLASSES,FALSE,FALSE,TRUE,FALSE,TRUE,FALSE,FALSE,FALSE,TRUE,FALSE,none,,,
3MDKGGG62TWJPYMW6D0433XUKPM6T1,35HI3XJLWMD4X869XTGN4NP9FJK7CO,Putting photos in order,Choose which of the two photos is more complex,"image, complexity, ranking",$0.50,Mon Oct 28 14:13:21 PDT 2019,89,BatchId:3816536;OriginalHitTemplateId:928390828;,1800,2592000,Wed Nov 27 13:13:21 PST 2019,,,3WZ36BJEV7QRHU0LS6ME23ECISVTBE,A142YEQ6O81P55,Approved,Mon Oct 28 15:05:13 PDT 2019,Mon Oct 28 15:23:22 PDT 2019,Wed Nov 27 14:23:22 PST 2019,Mon Oct 28 19:43:04 PDT 2019,,,1089,100% (3/3),100% (3/3),100% (2/2),25,"I chose as the most complex photos that had more details and other factors such as lighting, color, contrast, depth and clarity. Because I think the combination of all these factors leads to an image that is not simple to make, and based on that I made my choices.",FALSE,TRUE,FALSE,FALSE,FALSE,FALSE,This is a good study of people's perception of images. Congrats!,FALSE,TRUE,none,,TRUE,FALSE,FALSE,FALSE,FALSE,TRUE,FALSE,FALSE,TRUE,FALSE,none,,,
3MDKGGG62TWJPYMW6D0433XUKPM6T1,35HI3XJLWMD4X869XTGN4NP9FJK7CO,Putting photos in order,Choose which of the two photos is more complex,"image, complexity, ranking",$0.50,Mon Oct 28 14:13:21 PDT 2019,89,BatchId:3816536;OriginalHitTemplateId:928390828;,1800,2592000,Wed Nov 27 13:13:21 PST 2019,,,3X31TUMD71W2LJAOH0RYA0RM24N1L7,A2WZ71TT9AJPV,Approved,Mon Oct 28 14:25:52 PDT 2019,Mon Oct 28 14:29:50 PDT 2019,Wed Nov 27 13:29:50 PST 2019,Mon Oct 28 19:43:04 PDT 2019,,,238,100% (1/1),100% (1/1),100% (1/1),19,I judged the picture based on how many things was on the picture. Sometimes I used the pattern of the object to determine if it was skilled craft or not.,FALSE,FALSE,TRUE,FALSE,FALSE,FALSE,Interesting survey.,TRUE,FALSE,none,,TRUE,FALSE,FALSE,FALSE,FALSE,TRUE,FALSE,FALSE,TRUE,FALSE,none,,,
3MDKGGG62TWJPYMW6D0433XUKPM6T1,35HI3XJLWMD4X869XTGN4NP9FJK7CO,Putting photos in order,Choose which of the two photos is more complex,"image, complexity, ranking",$0.50,Mon Oct 28 14:13:21 PDT 2019,89,BatchId:3816536;OriginalHitTemplateId:928390828;,1800,2592000,Wed Nov 27 13:13:21 PST 2019,,,3X4JMASXCQJQ1L3UU4Y4ISC7LISB0G,A2ESBX4C2Q6TQY,Approved,Mon Oct 28 15:43:57 PDT 2019,Mon Oct 28 15:48:59 PDT 2019,Wed Nov 27 14:48:59 PST 2019,Mon Oct 28 19:43:05 PDT 2019,,,302,100% (2/2),100% (2/2),100% (2/2),50,The way that I decided which of the two pictures was more complex was based on the colors and/or patterns that were created by the materials that were shown. If it was pictures of things on the ground it was based on the amount and the pattern they made.,TRUE,FALSE,FALSE,FALSE,FALSE,FALSE,I think that this is an interesting survey.,TRUE,FALSE,none,,TRUE,FALSE,FALSE,FALSE,FALSE,TRUE,FALSE,FALSE,TRUE,FALSE,none,,,
3MDKGGG62TWJPYMW6D0433XUKPM6T1,35HI3XJLWMD4X869XTGN4NP9FJK7CO,Putting photos in order,Choose which of the two photos is more complex,"image, complexity, ranking",$0.50,Mon Oct 28 14:13:21 PDT 2019,89,BatchId:3816536;OriginalHitTemplateId:928390828;,1800,2592000,Wed Nov 27 13:13:21 PST 2019,,,3X4MXAO0BKY6PIL4J8DFP2QF48GWRK,A21SDT0AHZO52X,Approved,Mon Oct 28 14:13:35 PDT 2019,Mon Oct 28 14:18:01 PDT 2019,Wed Nov 27 13:18:01 PST 2019,Mon Oct 28 19:43:05 PDT 2019,,,266,100% (1/1),100% (1/1),100% (1/1),34,"The biggest factor for me was the amount of items in view. If there were 40 flowers vs a pebbled sidewalk, I chose the one with the flowers.",FALSE,FALSE,FALSE,FALSE,TRUE,FALSE,"I think it was a good task, something I have not done before",TRUE,FALSE,None,,TRUE,FALSE,FALSE,FALSE,FALSE,TRUE,FALSE,FALSE,TRUE,FALSE,None,,,
3MDKGGG62TWJPYMW6D0433XUKPM6T1,35HI3XJLWMD4X869XTGN4NP9FJK7CO,Putting photos in order,Choose which of the two photos is more complex,"image, complexity, ranking",$0.50,Mon Oct 28 14:13:21 PDT 2019,89,BatchId:3816536;OriginalHitTemplateId:928390828;,1800,2592000,Wed Nov 27 13:13:21 PST 2019,,,3X65QVEQI4XM8MKMXXGIRWAD61YLC1,ADXRJFEHIDXRE,Approved,Mon Oct 28 15:29:51 PDT 2019,Mon Oct 28 15:48:37 PDT 2019,Wed Nov 27 14:48:37 PST 2019,Mon Oct 28 19:43:05 PDT 2019,,,1126,100% (1/1),100% (1/1),100% (1/1),26,"I went with my gut instinct to decide with of the two pictures was more complex. I looked at both of them and then made a snap decision based on what I was visually processing as to which one of the pictures seem more complex. I looked for patterns in the images as well as part of my gut reaction. The more shapes, patterns and parts of the image played a big factor for me. Shapes and patterns made things naturally more complex.",TRUE,FALSE,FALSE,FALSE,FALSE,FALSE,They should give a survey code at the end of the picture task for workers to input.,FALSE,TRUE,none,,TRUE,FALSE,FALSE,FALSE,FALSE,TRUE,FALSE,FALSE,TRUE,FALSE,none,,,
3MDKGGG62TWJPYMW6D0433XUKPM6T1,35HI3XJLWMD4X869XTGN4NP9FJK7CO,Putting photos in order,Choose which of the two photos is more complex,"image, complexity, ranking",$0.50,Mon Oct 28 14:13:21 PDT 2019,89,BatchId:3816536;OriginalHitTemplateId:928390828;,1800,2592000,Wed Nov 27 13:13:21 PST 2019,,,3X87C8JFVALD60PVMOEENNDP29KSQ2,A2R89RXGEVG05I,Approved,Mon Oct 28 14:19:14 PDT 2019,Mon Oct 28 14:29:00 PDT 2019,Wed Nov 27 13:29:00 PST 2019,Mon Oct 28 19:43:05 PDT 2019,,,586,100% (1/1),100% (1/1),100% (1/1),52,"Between some choices, I chose the one with a greater number of different materials. Between other choices, I chose the one that seemed to have varying complex patterns versus materials thrown together in roughly the same ratios. On just a couple I chose one that was colored over one that was black and white and similar in complexity because the color added one more layer of complexity. I used all those factors to decide which one overall was more complex.",FALSE,FALSE,FALSE,FALSE,TRUE,FALSE,I think it was designed well. It was very straightforward and there weren't any questions about what you wanted us to do.,TRUE,FALSE,none,,TRUE,FALSE,FALSE,FALSE,FALSE,TRUE,FALSE,FALSE,TRUE,FALSE,none,,,
3MDKGGG62TWJPYMW6D0433XUKPM6T1,35HI3XJLWMD4X869XTGN4NP9FJK7CO,Putting photos in order,Choose which of the two photos is more complex,"image, complexity, ranking",$0.50,Mon Oct 28 14:13:21 PDT 2019,89,BatchId:3816536;OriginalHitTemplateId:928390828;,1800,2592000,Wed Nov 27 13:13:21 PST 2019,,,3XC1O3LBOWW3U3MXJJB8G6AHUM9LTT,AEDXHTKDINCPD,Rejected,Mon Oct 28 14:13:30 PDT 2019,Mon Oct 28 14:21:34 PDT 2019,Wed Nov 27 13:21:34 PST 2019,,Mon Oct 28 15:20:22 PDT 2019,"Thank you very much for your engagement in our image study!  In our instructions, we asked explicitly for how you judge the complexity between two pictures. Unfortunately, we are unable to accept your answers, because we are not asking for WHAT you did in the comparison task (we asked HOW you did it). Therefore we are unable to accept or use your results in our study. Nonetheless, we appreciate your interest and participation.",484,0% (0/1),0% (0/1),0% (0/1),25,i decided by looking at the complexity of the images,FALSE,TRUE,FALSE,FALSE,FALSE,FALSE,no,FALSE,TRUE,none,,TRUE,FALSE,FALSE,FALSE,FALSE,TRUE,FALSE,FALSE,TRUE,FALSE,none,,,
3MDKGGG62TWJPYMW6D0433XUKPM6T1,35HI3XJLWMD4X869XTGN4NP9FJK7CO,Putting photos in order,Choose which of the two photos is more complex,"image, complexity, ranking",$0.50,Mon Oct 28 14:13:21 PDT 2019,89,BatchId:3816536;OriginalHitTemplateId:928390828;,1800,2592000,Wed Nov 27 13:13:21 PST 2019,,,3Y9N9SS8L2LFXA0BRN7TFGYEREV3DF,A364KJDYEBAWC9,Approved,Mon Oct 28 14:14:42 PDT 2019,Mon Oct 28 14:18:24 PDT 2019,Wed Nov 27 13:18:24 PST 2019,Mon Oct 28 19:43:05 PDT 2019,,,222,100% (1/1),100% (1/1),100% (1/1),50,"I just looked at them to see which one had more stuff going on. Different colors, more textures, plants, and so on.",TRUE,FALSE,FALSE,FALSE,FALSE,FALSE,n/a,FALSE,TRUE,none,,TRUE,FALSE,FALSE,FALSE,TRUE,FALSE,FALSE,FALSE,TRUE,FALSE,none,,,
3MDKGGG62TWJPYMW6D0433XUKPM6T1,35HI3XJLWMD4X869XTGN4NP9FJK7CO,Putting photos in order,Choose which of the two photos is more complex,"image, complexity, ranking",$0.50,Mon Oct 28 14:13:21 PDT 2019,89,BatchId:3816536;OriginalHitTemplateId:928390828;,1800,2592000,Wed Nov 27 13:13:21 PST 2019,,,3YDGXNSEO34OYBNOAT1W3TCJUNU48V,A10IZOZGBH42K,Approved,Mon Oct 28 14:13:30 PDT 2019,Mon Oct 28 14:18:37 PDT 2019,Wed Nov 27 13:18:37 PST 2019,Mon Oct 28 19:43:05 PDT 2019,,,307,100% (1/1),100% (1/1),100% (1/1),30,"I generally chose the item that has the most definition, or largest number of individual items in the image",FALSE,FALSE,FALSE,FALSE,TRUE,FALSE,no comment,FALSE,TRUE,none,,FALSE,TRUE,FALSE,FALSE,FALSE,TRUE,FALSE,TRUE,FALSE,FALSE,none,,,
3MDKGGG62TWJPYMW6D0433XUKPM6T1,35HI3XJLWMD4X869XTGN4NP9FJK7CO,Putting photos in order,Choose which of the two photos is more complex,"image, complexity, ranking",$0.50,Mon Oct 28 14:13:21 PDT 2019,89,BatchId:3816536;OriginalHitTemplateId:928390828;,1800,2592000,Wed Nov 27 13:13:21 PST 2019,,,3YHH42UU5FP2EUP6LHNYWV8CXBD0LX,A383WPMTMRQEA0,Approved,Mon Oct 28 14:27:49 PDT 2019,Mon Oct 28 14:35:13 PDT 2019,Wed Nov 27 13:35:13 PST 2019,Mon Oct 28 19:43:05 PDT 2019,,,444,100% (1/1),100% (1/1),100% (1/1),26,i basically picked the one that looked more visually busy than the other. the one that had more points of interest for my eyes.,TRUE,FALSE,FALSE,FALSE,FALSE,FALSE,i liked the task,TRUE,FALSE,none,astigmatism,FALSE,TRUE,FALSE,FALSE,FALSE,TRUE,FALSE,FALSE,FALSE,TRUE,none,,,
3MDKGGG62TWJPYMW6D0433XUKPM6T1,35HI3XJLWMD4X869XTGN4NP9FJK7CO,Putting photos in order,Choose which of the two photos is more complex,"image, complexity, ranking",$0.50,Mon Oct 28 14:13:21 PDT 2019,89,BatchId:3816536;OriginalHitTemplateId:928390828;,1800,2592000,Wed Nov 27 13:13:21 PST 2019,,,3YMTUJH0DWQ7WVFCDRCRUP8680F4TK,A2A1E85FL1JAB9,Approved,Mon Oct 28 14:13:38 PDT 2019,Mon Oct 28 14:22:34 PDT 2019,Wed Nov 27 13:22:34 PST 2019,Mon Oct 28 19:43:06 PDT 2019,,,536,100% (1/1),100% (1/1),100% (1/1),21,It is based on its color and quality of the image.,TRUE,FALSE,FALSE,FALSE,FALSE,FALSE,I have nice time while doing this.,TRUE,FALSE,none,,FALSE,FALSE,FALSE,TRUE,FALSE,TRUE,FALSE,FALSE,TRUE,FALSE,none,,,
3MDKGGG62TWJPYMW6D0433XUKPM6T1,35HI3XJLWMD4X869XTGN4NP9FJK7CO,Putting photos in order,Choose which of the two photos is more complex,"image, complexity, ranking",$0.50,Mon Oct 28 14:13:21 PDT 2019,89,BatchId:3816536;OriginalHitTemplateId:928390828;,1800,2592000,Wed Nov 27 13:13:21 PST 2019,,,3ZAK8W07I8O5XKC0UVFZNI4VA25U0K,A2CP3VS1DEJJLF,Approved,Mon Oct 28 14:13:36 PDT 2019,Mon Oct 28 14:17:27 PDT 2019,Wed Nov 27 13:17:27 PST 2019,Mon Oct 28 19:43:06 PDT 2019,,,231,100% (2/2),100% (2/2),100% (1/1),47,"Generally, those pictures with more contrast and depth of field were more complex",FALSE,TRUE,FALSE,FALSE,FALSE,FALSE,No,FALSE,TRUE,none,,TRUE,FALSE,FALSE,FALSE,FALSE,TRUE,FALSE,FALSE,TRUE,FALSE,none,,,
3MDKGGG62TWJPYMW6D0433XUKPM6T1,35HI3XJLWMD4X869XTGN4NP9FJK7CO,Putting photos in order,Choose which of the two photos is more complex,"image, complexity, ranking",$0.50,Mon Oct 28 14:13:21 PDT 2019,89,BatchId:3816536;OriginalHitTemplateId:928390828;,1800,2592000,Wed Nov 27 13:13:21 PST 2019,,,3ZDAD0O1T5NYUX3MX2EWR0541VKTXO,A2J9U65SKT4TJW,Approved,Mon Oct 28 14:16:36 PDT 2019,Mon Oct 28 14:21:40 PDT 2019,Wed Nov 27 13:21:40 PST 2019,Mon Oct 28 19:43:06 PDT 2019,,,304,100% (1/1),100% (1/1),100% (1/1),35,I was basically picking based on which one my brain processed slower.,FALSE,FALSE,FALSE,FALSE,TRUE,FALSE,No,TRUE,FALSE,none,,TRUE,FALSE,FALSE,FALSE,FALSE,TRUE,FALSE,FALSE,TRUE,FALSE,none,,,
3MDKGGG62TWJPYMW6D0433XUKPM6T1,35HI3XJLWMD4X869XTGN4NP9FJK7CO,Putting photos in order,Choose which of the two photos is more complex,"image, complexity, ranking",$0.50,Mon Oct 28 14:13:21 PDT 2019,89,BatchId:3816536;OriginalHitTemplateId:928390828;,1800,2592000,Wed Nov 27 13:13:21 PST 2019,,,3ZDAD0O1T5NYUX3MX2EWR0541WSXT2,AV5FCKI1TTSKR,Approved,Mon Oct 28 15:14:47 PDT 2019,Mon Oct 28 15:36:57 PDT 2019,Wed Nov 27 14:36:57 PST 2019,Mon Oct 28 19:43:06 PDT 2019,,,1330,100% (2/2),100% (2/2),100% (1/1),45,"The more minute the object combined with randomness determined which image was more complex in most cases. Only when there was clear complexity in design, made by a human, would it override a natural image.",FALSE,FALSE,FALSE,FALSE,TRUE,FALSE,No.,FALSE,TRUE,none,,FALSE,FALSE,TRUE,FALSE,FALSE,TRUE,FALSE,FALSE,TRUE,FALSE,none,,,
3MDKGGG62TWJPYMW6D0433XUKPM6T1,35HI3XJLWMD4X869XTGN4NP9FJK7CO,Putting photos in order,Choose which of the two photos is more complex,"image, complexity, ranking",$0.50,Mon Oct 28 14:13:21 PDT 2019,89,BatchId:3816536;OriginalHitTemplateId:928390828;,1800,2592000,Wed Nov 27 13:13:21 PST 2019,,,3ZR9AIQJUFJ6GMILFPOHAE61BPK046,ATXUM0GBU5MC8,Rejected,Mon Oct 28 14:19:59 PDT 2019,Mon Oct 28 14:30:18 PDT 2019,Wed Nov 27 13:30:18 PST 2019,,Mon Oct 28 14:41:39 PDT 2019,"Thank you very much for your engagement in our image study!  In our instructions, we asked explicitly for how you judge the complexity between two pictures. Unfortunately, we are unable to accept answers like ""none"" ""N/A"" ""good"" ""images are different"" ""I like this work"" etc. (We are looking for answers like 'I check for organization of the object and density of colors'.) Therefore we are unable to accept or use your results in our study. Nonetheless, we appreciate your interest and participation.",619,0% (0/1),0% (0/1),0% (0/1),28,ALL ARE GOOD,FALSE,TRUE,FALSE,FALSE,FALSE,FALSE,good,FALSE,TRUE,none,no class,TRUE,FALSE,FALSE,FALSE,TRUE,FALSE,FALSE,FALSE,TRUE,FALSE,none,,,
3MDKGGG62TWJPYMW6D0433XUKPM6T1,35HI3XJLWMD4X869XTGN4NP9FJK7CO,Putting photos in order,Choose which of the two photos is more complex,"image, complexity, ranking",$0.50,Mon Oct 28 14:13:21 PDT 2019,89,BatchId:3816536;OriginalHitTemplateId:928390828;,1800,2592000,Wed Nov 27 13:13:21 PST 2019,,,3ZSY5X72N1LYK9C2SMM588DT16HRO3,A2BZY06YRWGEDL,Approved,Mon Oct 28 14:13:34 PDT 2019,Mon Oct 28 14:28:33 PDT 2019,Wed Nov 27 13:28:33 PST 2019,Mon Oct 28 19:43:06 PDT 2019,,,899,100% (1/1),100% (1/1),100% (1/1),31,"The colors, how many different things were in the picture.",FALSE,FALSE,TRUE,FALSE,FALSE,FALSE,I think it went good. Could maybe pay just a little bit more but it's fine.,FALSE,TRUE,none,,FALSE,TRUE,FALSE,FALSE,FALSE,TRUE,FALSE,FALSE,TRUE,FALSE,none,,,